time,amount,merchant_risk,device_score,distance_from_home_km,is_fraud
121958,53.84,2,17,0.75,0
146867,7.05,8,22,33.78,0
131932,97.78,9,83,2.75,0
103694,20.67,4,45,9.18,0
119879,30.16,4,74,12.97,0
110268,124.69,5,61,11.33,0
54886,9.14,2,11,25.87,1
137337,8.19,7,61,18.17,0
168266,18.47,5,38,7.0,0
87498,93.54,6,66,1.06,0
112727,7.25,4,33,29.19,0
126324,1.95,8,43,8.69,0
16023,21.09,8,31,44.1,0
41090,57.5,5,35,10.05,0
67221,109.98,6,37,25.29,0
64820,20.84,3,47,56.12,0
769,21.95,1,100,21.06,0
59735,104.99,9,23,10.67,0
64925,5.11,9,36,16.76,0
5311,22.45,3,40,15.68,0
103355,40.06,4,90,17.58,0
85305,51.89,7,89,3.18,0
159765,19.89,2,81,23.98,0
130608,34.28,3,15,3.13,0
156730,2.75,6,37,0.29,0
84478,17.15,8,4,19.6,1
122537,52.12,1,22,2.49,0
149503,12.4,4,81,29.43,0
130523,35.13,1,22,40.19,0
2747,51.77,2,81,57.91,0
123855,23.51,8,78,21.84,0
65725,39.27,6,78,13.16,0
129981,12.65,9,17,8.69,0
84654,26.93,2,72,13.5,0
166845,60.96,3,98,4.22,0
119346,38.74,9,90,8.57,0
67435,18.42,9,94,25.31,0
56886,41.44,6,86,4.9,0
66803,67.67,3,80,6.13,0
31551,4.26,5,94,27.67,0
116216,105.54,2,80,3.92,0
11394,23.66,7,38,5.64,0
69092,50.68,10,24,0.35,0
3890,109.64,8,100,25.46,0
41606,8.4,6,99,19.24,0
87313,16.29,8,6,23.71,1
141699,24.82,2,68,4.82,0
8792,15.12,3,82,23.26,0
154969,187.72,7,6,18.15,1
68148,14.06,10,26,9.12,0
124243,19.0,1,91,11.52,0
120174,40.63,7,41,16.78,0
154555,9.95,6,75,13.6,0
124358,22.29,8,38,20.53,0
48555,45.49,7,80,3.99,0
17159,23.74,4,83,15.56,0
110510,30.16,3,43,11.97,0
106530,19.5,3,53,12.36,0
80077,7.28,4,15,12.67,0
35920,45.68,9,90,42.65,0
19457,191.51,9,56,34.14,0
78953,33.73,2,56,19.86,0
52995,41.48,5,31,25.21,0
171829,66.2,1,83,0.87,0
9692,9.31,4,57,27.25,0
37065,181.73,2,51,13.32,0
99299,40.54,8,24,7.65,0
163678,169.33,4,58,3.01,0
11534,15.91,5,73,1.56,0
40397,203.99,4,87,0.92,0
91387,71.89,5,4,3.53,1
1016,57.57,5,10,0.61,1
55591,41.85,5,63,26.38,0
23247,25.83,3,73,5.72,0
24300,110.01,7,83,9.2,0
82798,38.11,3,15,34.6,0
9268,4.63,2,98,2.44,0
86807,10.84,3,63,36.11,0
12185,27.5,3,19,20.41,0
170171,45.15,8,63,8.37,0
139643,31.29,4,56,2.51,0
38044,112.05,3,21,1.92,0
51214,4.71,10,34,8.17,0
114752,38.23,5,17,3.02,0
48984,5.38,4,18,6.23,0
40774,70.79,9,81,1.09,0
2568,30.13,8,66,18.08,0
120151,50.38,7,51,3.14,0
133767,13.96,8,65,28.27,0
124375,119.04,5,43,4.92,0
136330,93.85,4,57,31.99,0
39504,59.36,7,10,4.21,1
164231,29.09,1,37,25.56,0
13986,59.14,6,48,8.1,0
61858,16.33,8,69,17.5,0
129312,77.91,7,56,0.79,0
12666,172.34,2,76,13.67,0
38660,96.6,7,36,3.22,0
134633,15.96,6,31,13.32,0
26854,47.53,5,55,3.05,0
64505,9.09,4,38,11.49,0
104488,58.7,1,73,2.34,0
22662,51.97,2,90,4.97,0
8392,5.1,7,15,18.08,0
30535,10.36,10,16,75.15,0
113569,24.95,3,77,11.93,0
52256,24.51,5,89,23.24,0
89135,9.88,8,94,15.51,0
127478,48.86,8,53,13.8,0
35222,42.58,6,56,1.34,0
77373,27.27,5,7,3.12,1
123684,15.55,2,57,42.92,0
10965,94.51,9,55,10.56,0
24538,173.37,1,52,19.06,0
108066,20.42,2,4,15.03,1
113252,17.95,1,43,9.52,0
139182,54.12,4,40,9.81,0
158338,23.15,4,30,16.21,0
98806,28.81,5,10,3.04,1
137982,69.38,5,94,9.8,0
110989,4.91,8,7,11.85,1
90982,123.75,3,36,84.16,0
121626,35.61,6,35,8.66,0
119176,21.94,3,88,20.69,0
131278,30.29,2,39,2.96,0
122409,31.89,8,36,1.35,0
23419,5.86,1,20,41.04,0
50015,147.66,9,49,26.24,0
122096,34.51,7,96,7.64,0
107059,51.57,10,59,14.05,0
110687,85.76,4,49,2.92,0
87939,11.93,3,90,24.56,0
149213,53.17,6,26,1.46,0
105878,25.34,9,36,28.3,0
164899,77.23,9,43,15.83,0
62623,3.95,4,99,6.54,0
75450,29.99,10,43,39.69,0
93426,18.12,5,99,85.48,0
117845,51.02,9,76,5.87,0
153371,52.99,2,33,32.82,0
43585,16.32,2,100,27.74,0
109225,16.25,5,78,27.5,0
64044,29.65,1,97,63.04,0
109556,13.51,8,45,13.33,0
2693,76.86,5,45,22.43,0
95259,22.89,10,88,34.73,0
25939,1.81,2,15,13.06,0
152906,22.76,9,95,13.13,0
18047,11.72,2,17,7.67,0
26105,6.48,7,12,30.36,1
75766,9.61,8,22,23.18,0
146779,36.94,6,23,12.0,0
153048,125.04,7,90,10.87,0
44262,45.29,1,78,1.51,0
125117,18.06,4,12,0.13,1
23776,52.24,7,68,15.05,0
161152,20.92,1,51,10.81,0
128376,16.53,1,13,31.8,1
137848,10.44,6,57,15.65,0
92787,5.74,4,55,55.2,0
127948,22.42,3,82,4.37,0
55016,38.79,5,28,92.41,0
140546,30.07,9,44,7.07,0
21959,21.85,10,19,20.57,0
136602,12.86,10,46,13.94,0
119101,60.84,10,3,8.91,1
3748,8.87,3,83,3.0,0
13545,71.95,5,20,2.9,0
127659,12.16,10,25,24.86,0
165838,15.6,5,75,9.48,0
73530,7.64,9,56,65.04,0
93557,20.06,10,81,7.88,0
61087,87.82,4,61,82.12,0
68840,55.46,1,55,4.6,0
118451,88.1,10,35,2.17,0
51005,55.82,5,78,7.5,0
39353,10.98,1,59,43.36,0
52733,23.79,6,39,14.76,0
65318,15.18,10,57,2.92,0
154736,125.28,10,83,4.53,0
67172,10.01,7,67,7.46,0
93264,80.94,1,34,17.84,0
26736,80.88,10,41,8.08,0
112859,206.36,4,22,27.49,0
112181,21.98,9,27,19.16,0
131926,67.51,1,21,41.4,0
90084,324.29,9,41,13.9,1
169695,17.86,8,31,8.04,0
7392,7.13,5,27,111.84,0
55680,5.05,6,37,8.79,0
50859,67.54,7,66,11.19,0
125657,5.04,4,54,33.12,0
157381,22.82,6,9,1.86,1
70467,51.28,7,83,9.77,0
98506,39.85,6,42,1.79,0
109751,50.68,6,36,3.0,0
118906,41.36,2,10,0.09,1
143760,118.97,5,59,0.19,0
25342,12.78,3,40,9.57,0
168229,16.83,7,54,33.13,0
106308,15.29,4,39,17.69,0
106081,75.96,1,7,20.15,1
89045,81.48,6,4,14.65,1
34698,52.0,6,15,34.27,0
110078,108.15,7,76,42.47,0
80623,10.2,8,48,37.91,0
22671,175.43,3,6,33.44,1
156256,151.9,6,73,4.04,0
93384,69.1,10,35,18.02,0
86202,196.72,2,72,17.45,0
51663,6.32,9,71,15.01,0
15708,19.6,2,68,13.11,0
91906,15.87,3,58,1.87,0
49811,68.13,10,77,2.16,0
133883,11.59,2,19,46.51,0
56250,70.63,9,62,19.9,0
112547,130.39,1,71,6.08,0
124249,66.37,5,10,6.55,1
34754,43.98,1,25,18.84,0
142483,12.33,5,44,10.45,0
133983,14.2,8,99,11.64,0
139752,115.54,8,58,1.25,0
84896,72.19,8,25,2.99,0
71295,31.85,2,93,10.0,0
100689,21.8,8,76,24.06,0
11111,4.37,5,40,0.98,0
37504,11.35,1,76,8.15,0
132874,223.95,7,70,23.75,0
8155,9.2,6,10,31.41,1
39384,40.02,5,66,4.22,0
112561,90.69,1,25,26.3,0
47254,9.44,1,71,62.21,0
21918,39.83,6,87,47.46,0
85981,84.6,10,11,31.15,1
30306,33.53,7,36,24.92,0
147718,583.13,10,49,5.36,1
46843,6.24,10,48,20.1,0
120975,95.46,1,87,20.62,0
96601,27.86,9,7,10.45,1
107512,71.66,4,91,13.59,0
147443,51.49,5,77,23.69,0
111472,15.91,2,51,60.77,0
133121,41.64,10,17,7.0,0
162688,5.17,8,32,5.66,0
103727,60.54,2,26,18.42,0
112893,44.62,3,22,2.8,0
20932,62.72,9,13,17.47,1
117796,95.4,2,12,1.86,1
29855,47.83,6,71,13.49,0
7400,38.4,4,1,19.37,1
117858,13.72,7,33,1.45,0
15151,16.24,6,14,4.64,1
66690,108.5,10,64,8.17,0
4499,139.26,9,43,9.2,0
6295,26.1,9,58,22.55,0
120885,34.67,10,41,15.06,0
126071,13.4,4,81,9.63,0
59040,106.99,1,68,11.98,0
12183,64.42,2,39,0.26,0
160371,230.72,8,1,29.44,1
143946,13.76,10,41,0.84,0
116336,22.69,8,45,35.36,0
32711,41.74,2,88,15.57,0
5539,63.21,4,98,15.01,0
126063,26.69,1,98,24.39,0
133629,13.83,7,88,39.26,0
38360,79.95,4,79,57.17,0
133272,68.11,8,81,15.68,0
21357,13.25,9,13,3.27,1
119121,128.44,9,71,42.18,0
77505,106.72,3,9,0.83,1
2869,37.88,5,63,32.94,0
50108,35.86,6,99,22.82,0
112296,57.63,6,23,47.02,0
94179,13.99,10,54,45.55,0
90272,34.13,8,47,1.09,0
38467,3.85,6,39,18.8,0
23328,79.56,6,87,2.66,0
91412,6.95,4,26,1.63,0
135059,148.92,7,1,11.89,1
58871,23.8,8,14,2.05,1
153471,26.8,3,96,26.03,0
128391,17.68,7,74,69.44,0
86416,24.83,3,65,16.86,0
70271,136.8,8,69,5.36,0
44064,2.75,1,67,37.06,0
107450,118.74,1,49,38.36,0
171890,46.43,6,50,26.39,0
19830,9.9,10,58,19.1,0
148501,11.3,9,53,40.47,0
137965,177.04,4,91,3.57,0
116381,12.86,6,57,53.65,0
47333,10.45,5,86,58.83,0
134508,103.27,1,18,41.11,0
76213,46.46,6,16,5.77,0
136967,12.96,9,2,39.06,1
150810,41.13,3,13,13.77,1
30746,11.87,3,45,18.07,0
49377,99.57,2,80,36.73,0
54045,95.71,4,72,0.6,0
97888,56.37,10,43,9.02,0
170862,47.54,3,72,33.82,0
107455,192.71,2,54,33.64,0
136672,33.11,1,74,37.77,0
93179,10.16,3,97,3.71,0
171836,51.91,10,31,24.48,0
45714,266.68,6,76,3.17,0
102946,12.0,9,9,30.75,1
109616,23.07,5,73,5.62,0
105983,50.22,3,48,26.77,0
124123,31.38,5,18,12.14,0
149661,12.4,5,94,85.75,0
43484,101.68,5,96,17.34,0
82989,336.99,7,87,20.02,0
36212,40.29,5,11,9.18,1
43525,13.41,7,62,26.52,0
163707,7.04,9,84,13.66,0
63208,42.86,5,19,0.36,0
33828,99.87,2,100,18.76,0
149783,53.26,5,90,35.49,0
3420,33.04,8,74,5.4,0
96752,18.37,4,24,5.0,0
131373,11.11,2,13,18.78,1
115294,76.31,10,46,34.07,0
124019,82.58,3,53,5.74,0
65726,7.06,9,98,53.84,0
141564,162.36,9,29,52.45,0
115668,58.8,8,36,4.48,0
6102,134.24,8,71,6.12,0
118015,8.65,8,94,24.12,0
26641,8.45,8,17,60.62,0
165656,28.53,8,48,24.75,0
163817,54.75,1,77,11.77,0
154165,199.61,6,24,3.7,0
103746,67.09,9,54,12.36,0
36631,25.98,8,95,18.67,0
72991,11.87,3,91,8.04,0
4014,113.3,1,85,14.28,0
11093,12.62,2,1,2.79,1
18070,168.76,2,79,12.04,0
35777,24.92,7,67,1.9,0
56958,162.48,6,6,1.01,1
82074,65.3,2,78,38.93,0
10729,28.88,8,55,4.59,0
158823,19.7,9,38,17.12,0
105864,23.55,7,33,3.23,0
130858,50.82,4,8,6.09,1
105510,35.77,1,90,8.97,0
54748,18.29,4,79,3.1,0
5801,28.06,4,78,0.94,0
150262,35.82,8,20,41.94,0
29592,3.94,4,55,0.24,0
10647,52.36,4,48,1.27,0
139788,12.43,2,83,32.7,0
110627,10.45,10,56,6.63,0
70316,6.13,7,97,25.66,0
2368,5.51,4,100,3.16,0
77575,8.54,6,88,5.42,0
6655,16.3,3,10,17.01,1
70031,233.52,7,52,89.55,0
87922,19.57,6,50,1.53,0
124046,39.56,3,34,10.24,0
144475,49.43,4,36,0.88,0
32097,37.75,10,61,4.44,0
142038,30.65,5,100,47.6,0
124862,10.02,9,16,2.03,0
118834,141.31,6,79,38.88,0
93848,201.78,4,18,3.92,0
52921,6.16,7,71,39.58,0
126141,11.89,2,47,15.44,0
22677,25.03,4,86,42.11,0
55609,12.62,5,32,3.29,0
31024,54.92,4,43,28.71,0
70313,15.99,4,83,22.83,0
127813,288.6,9,40,15.66,1
95285,108.91,2,65,33.28,0
146410,40.96,6,35,20.9,0
113632,92.48,8,69,41.92,0
150580,100.07,8,50,9.6,0
3051,18.84,7,12,17.83,1
114692,14.64,10,76,40.9,0
87235,35.81,4,85,4.84,0
163165,78.39,7,58,13.3,0
170806,38.06,10,83,64.75,0
73523,6.84,6,63,12.83,0
94476,14.84,6,73,5.83,0
17019,30.75,2,49,8.65,0
83613,30.7,8,36,43.27,0
86672,238.06,8,54,61.97,1
73847,8.28,7,47,59.96,0
82750,54.9,9,32,24.01,0
28251,146.81,8,99,14.25,0
103481,321.0,9,95,4.03,1
112566,22.1,9,53,2.63,0
25945,54.13,6,32,1.23,0
90852,58.54,2,62,0.36,0
32217,40.26,7,37,42.09,0
8308,30.0,3,96,33.12,0
5949,51.21,7,38,16.78,0
132222,2.63,9,30,133.27,0
100235,65.5,10,58,61.17,0
74740,37.57,10,32,21.29,0
116352,26.51,2,66,12.49,0
66617,256.43,6,51,3.3,0
16896,16.86,6,11,14.5,1
130798,22.13,9,59,3.43,0
138877,242.63,9,20,10.16,1
5237,14.41,5,37,57.17,0
20056,19.1,5,73,8.37,0
114548,28.59,9,49,3.32,0
111488,76.76,8,19,17.46,0
134415,40.76,7,55,18.44,0
144572,9.09,8,40,4.31,0
29375,19.45,6,7,4.38,1
140734,18.04,3,5,91.22,1
16964,30.65,7,42,5.58,0
113429,50.7,8,88,36.43,0
67215,50.31,8,48,12.71,0
69042,5.61,1,7,11.42,1
144356,95.96,7,11,6.99,1
93468,42.63,3,73,29.73,0
9435,132.23,2,49,42.52,0
78832,51.63,2,30,6.05,0
51293,99.62,8,41,2.0,0
78781,52.8,9,3,2.94,1
160196,127.26,3,86,31.48,0
43919,55.83,3,40,11.45,0
166319,30.03,6,51,2.83,0
121172,321.32,10,84,8.32,1
94758,80.56,1,32,14.44,0
56573,58.78,6,48,38.22,0
59101,9.24,3,71,20.53,0
26646,9.13,4,71,3.87,0
104185,44.38,9,20,3.46,0
23049,38.3,3,89,10.63,0
98116,17.92,1,35,1.56,0
97379,38.13,3,24,28.18,0
68385,162.17,7,40,10.27,0
126131,66.38,7,77,8.4,0
171230,10.58,5,52,14.23,0
23289,29.62,1,39,24.69,0
110226,14.81,8,68,16.85,0
100793,22.47,10,61,32.43,0
9823,21.9,8,76,19.85,0
41975,20.54,10,81,31.02,0
9540,9.44,10,65,23.87,0
16364,29.15,10,62,4.29,0
135683,18.9,2,81,1.08,0
27663,1.77,10,2,46.74,1
51991,258.0,3,6,58.25,1
104182,98.37,4,75,25.96,0
162049,22.73,1,43,25.76,0
94704,33.74,4,82,6.3,0
49115,10.26,5,40,15.64,0
91007,180.5,3,89,97.17,0
149143,220.81,10,39,38.78,1
11938,38.73,2,28,7.26,0
166267,92.16,6,80,7.16,0
91680,39.46,8,63,13.22,0
4000,8.7,7,64,10.37,0
101042,21.94,1,12,9.28,1
93610,37.79,4,41,19.72,0
103691,21.02,3,29,0.23,0
38304,26.61,6,23,28.82,0
69449,30.22,9,85,26.95,0
82986,30.54,9,80,35.48,0
151836,34.89,7,51,36.83,0
108940,11.47,9,45,16.71,0
38494,16.17,8,90,30.29,0
3373,9.17,5,22,13.56,0
143233,88.04,9,10,60.54,1
97532,4.03,7,7,4.23,1
92658,104.96,5,73,49.45,0
123633,132.47,8,89,5.98,0
100386,24.48,7,15,2.17,0
27350,2.45,9,77,11.56,0
93008,23.07,10,46,19.09,0
94297,31.06,1,90,5.25,0
25351,12.05,9,85,16.23,0
88668,19.78,7,87,32.99,0
114585,152.96,1,61,5.94,0
146377,64.39,1,92,17.37,0
75353,13.14,5,61,8.29,0
65953,6.7,8,51,15.09,0
57458,23.88,9,38,21.99,0
20358,26.75,6,12,8.63,1
3267,54.39,10,88,104.0,0
82745,19.39,8,77,16.59,0
89588,55.23,6,66,34.8,0
38513,229.33,6,54,25.83,0
157164,74.85,4,39,38.32,0
11338,31.56,5,76,3.82,0
131484,27.57,2,39,5.03,0
7543,23.18,3,78,13.37,0
105891,107.84,3,30,38.26,0
164568,17.68,5,48,4.4,0
60692,34.65,5,83,70.85,0
44425,34.86,6,31,2.73,0
38756,20.05,5,25,3.85,0
18888,8.39,6,68,3.66,0
166807,45.74,8,51,17.64,0
47295,31.16,2,13,49.91,1
114352,54.61,4,100,5.89,0
83042,19.42,6,63,16.11,0
85999,112.26,5,42,3.87,0
17955,13.78,1,54,19.95,0
37841,183.47,9,67,2.63,0
70640,5.77,3,80,13.52,0
165983,51.15,2,90,21.29,0
138429,53.27,9,56,17.31,0
163551,14.95,7,19,3.02,0
61476,50.62,5,46,3.52,0
44811,119.05,6,15,22.26,0
167280,3.61,4,32,33.1,0
151222,54.75,1,49,47.74,0
71180,2.74,4,21,33.6,0
112856,12.61,9,65,72.93,0
68450,168.88,1,70,10.49,0
152424,18.51,10,27,8.04,0
111888,10.24,3,23,0.57,0
110448,27.17,5,47,11.95,0
14397,261.89,7,95,21.07,0
172627,5.3,9,12,33.79,1
131800,11.57,6,85,6.22,0
119180,148.03,3,66,14.41,0
66234,212.24,7,5,21.69,1
39954,29.86,4,9,16.04,1
79459,9.59,3,20,6.4,0
147851,269.3,7,82,31.82,0
155538,163.11,7,63,3.81,0
168011,65.3,4,86,47.07,0
166342,14.7,7,72,60.98,0
59163,31.53,2,98,9.1,0
51934,28.21,1,73,9.44,0
163379,46.1,2,71,27.2,0
54098,141.32,4,30,12.19,0
5486,79.79,8,82,0.58,0
139407,11.28,3,91,50.48,0
86900,131.17,10,16,11.27,0
126020,45.29,6,85,4.55,0
102795,65.83,6,5,16.22,1
142202,143.53,9,29,4.94,0
87508,10.9,9,47,4.61,0
118324,31.95,4,22,15.78,0
60566,19.46,9,78,9.92,0
27192,6.9,6,57,17.02,0
1062,46.84,2,83,115.05,0
84076,408.12,10,35,39.18,1
89780,5.26,6,88,0.15,0
152617,32.06,2,60,1.04,0
21689,62.84,8,70,18.84,0
11174,37.45,4,60,19.68,0
88461,29.57,5,58,42.11,0
126174,9.03,8,3,19.83,1
103033,41.8,8,34,5.17,0
9348,15.54,6,45,12.64,0
154786,3.71,4,50,33.11,0
38102,109.35,1,2,51.23,1
74460,86.35,7,15,5.41,0
102634,34.87,8,37,15.51,0
89930,41.64,9,15,3.46,0
6801,96.96,2,60,13.74,0
103150,41.44,1,96,1.89,0
154697,81.78,4,85,56.85,0
1542,24.59,5,64,20.33,0
21677,122.98,10,81,38.51,0
39081,45.64,1,98,127.49,0
93105,40.21,5,96,4.03,0
19065,9.3,6,52,23.69,0
88092,44.12,3,23,43.6,0
54693,14.41,7,99,17.16,0
26962,17.49,6,37,20.42,0
28295,14.65,4,41,10.47,0
13807,11.4,3,57,22.46,0
157504,277.21,5,97,10.07,0
171334,125.38,3,25,12.95,0
168152,225.96,10,37,2.17,1
132396,9.75,9,40,0.16,0
91267,35.56,9,85,1.13,0
166981,9.08,6,46,4.28,0
19870,16.52,6,60,12.2,0
165650,13.22,4,98,0.42,0
26790,114.39,4,19,3.39,0
118874,22.28,2,91,30.41,0
25289,96.39,10,9,28.72,1
15485,60.59,4,69,31.19,0
44482,331.5,8,5,50.9,1
86188,7.54,10,89,2.54,0
4748,116.66,2,26,3.56,0
140507,104.21,9,19,8.12,0
3709,12.51,1,30,49.34,0
123961,90.66,2,100,29.88,0
30355,46.35,2,48,7.83,0
144188,26.38,6,16,1.83,0
156542,14.53,7,71,19.16,0
42918,16.13,3,18,5.94,0
52224,257.19,9,56,15.15,1
39298,33.14,5,21,56.88,0
80219,72.39,5,31,17.0,0
61629,15.02,4,1,51.5,1
66040,15.18,9,3,9.99,1
28016,97.71,8,95,20.07,0
23960,8.59,4,25,44.87,0
33591,21.86,4,8,17.73,1
103333,34.26,2,65,19.08,0
114821,37.02,9,62,25.2,0
36395,27.69,3,7,42.76,1
129695,49.2,4,7,1.85,1
153772,66.21,7,8,8.22,1
34620,69.04,10,19,10.14,0
128148,12.36,8,17,48.09,0
20559,24.92,8,11,62.47,1
93396,109.37,4,49,2.57,0
21732,81.02,7,11,2.54,1
91362,8.39,10,41,54.62,0
161426,47.06,1,62,7.01,0
13843,4.58,6,52,5.54,0
114065,34.71,6,66,0.73,0
71726,220.91,6,68,6.45,0
17640,12.83,2,92,23.65,0
52528,14.38,8,97,11.1,0
38413,71.1,5,75,14.55,0
52638,7.08,5,67,49.85,0
110133,17.59,2,40,2.44,0
106357,60.13,4,5,1.48,1
150159,17.56,9,85,38.2,0
172502,26.15,9,22,29.82,0
155576,69.7,6,37,6.12,0
138186,50.48,9,11,7.84,1
78859,43.24,4,44,7.43,0
99657,23.59,1,86,20.87,0
142047,47.95,2,53,1.26,0
11023,29.26,1,77,13.44,0
21447,52.34,8,61,2.87,0
125899,20.15,9,67,34.27,0
23959,27.59,10,13,9.58,1
66203,12.31,6,92,15.0,0
119156,31.98,2,11,0.6,1
160775,14.72,6,11,1.2,1
9337,10.87,9,85,22.48,0
46427,42.89,3,85,29.11,0
61529,40.97,9,7,24.76,1
102023,72.45,2,17,26.71,0
84665,21.52,5,48,2.21,0
105787,49.8,2,14,23.65,1
162993,57.44,7,63,4.01,0
33307,51.66,10,64,2.06,0
158427,14.5,9,97,28.31,0
127016,38.45,7,75,44.04,0
4835,47.66,5,77,25.23,0
20159,33.35,4,65,32.75,0
121790,4.11,4,34,94.41,0
105616,38.88,10,9,2.89,1
169160,302.64,8,77,67.14,1
78752,23.1,10,37,18.39,0
55284,15.99,10,30,33.56,0
57043,48.1,10,41,21.01,0
166619,45.26,10,45,16.88,0
97007,109.15,10,47,24.32,0
82844,9.41,1,7,7.72,1
27532,68.81,5,14,51.61,1
165421,59.77,2,48,2.45,0
122402,28.73,9,6,7.66,1
118012,46.46,7,34,0.63,0
136785,92.71,10,80,6.33,0
56178,79.23,8,100,4.92,0
49407,10.56,6,46,1.02,0
50990,75.2,9,59,13.54,0
129473,31.04,6,70,12.65,0
58141,35.62,7,8,1.62,1
154865,35.63,7,24,6.07,0
56570,28.5,9,67,61.29,0
168964,109.04,8,4,2.35,1
1015,30.46,1,96,7.28,0
61813,10.81,4,1,0.73,1
27712,22.34,7,34,3.22,0
100497,39.59,8,9,24.04,1
139487,113.21,7,63,9.14,0
112816,60.53,3,76,12.03,0
128778,14.15,4,10,3.42,1
62292,397.5,7,10,22.92,1
23833,43.15,8,50,27.85,0
135230,118.56,7,44,4.0,0
20309,28.45,6,48,0.92,0
6970,56.45,9,87,1.69,0
72474,76.67,9,6,21.4,1
46540,111.97,7,88,2.91,0
151456,95.33,8,24,13.62,0
18017,79.22,6,85,3.31,0
75880,24.17,1,95,3.73,0
105570,18.69,1,58,0.09,0
8702,46.18,6,64,7.74,0
131456,84.19,2,94,1.88,0
404,26.5,8,56,10.02,0
172015,96.08,1,98,18.22,0
160261,141.54,2,82,9.16,0
12763,13.25,8,12,24.42,1
149456,14.34,6,35,27.05,0
98142,28.78,10,71,23.85,0
140932,45.04,2,89,55.2,0
80642,19.6,2,6,5.42,1
50612,128.02,7,65,4.2,0
23574,50.61,5,80,18.82,0
23524,34.45,5,60,18.07,0
10916,7.88,8,68,14.27,0
4809,8.88,7,29,0.09,0
163273,43.86,9,38,16.2,0
144528,3.93,4,92,54.0,0
121288,91.16,10,22,8.15,0
38765,28.27,4,8,68.59,1
165888,848.18,2,63,8.82,0
45106,332.92,3,96,3.01,0
53932,27.62,1,97,10.16,0
148172,29.77,1,13,13.65,1
57091,89.62,7,27,19.86,0
21949,181.85,5,18,14.06,0
37744,6.44,3,18,15.39,0
108319,5.55,7,77,0.49,0
92193,17.78,2,86,5.85,0
36187,59.31,3,62,7.44,0
138311,54.43,1,14,86.99,1
124454,96.52,8,11,7.01,1
14489,9.98,2,86,45.38,0
61877,3.27,7,100,7.27,0
49922,78.1,9,17,2.02,0
94074,14.47,6,51,5.69,0
163121,4.4,2,96,6.37,0
37131,38.29,2,14,76.56,1
115765,73.2,9,57,22.44,0
73963,29.31,10,93,53.67,0
106884,20.95,8,6,36.04,1
125917,28.24,9,57,17.28,0
24285,22.86,4,4,22.5,1
37626,8.6,4,11,19.61,1
19198,16.2,2,74,21.95,0
150830,55.77,10,92,6.15,0
15254,45.68,1,11,10.49,1
44238,39.18,10,99,17.96,0
1252,12.24,4,79,0.73,0
39764,27.62,10,8,13.19,1
77709,3.75,10,84,39.28,0
168513,39.59,8,59,13.56,0
53682,138.22,2,21,16.07,0
59494,7.58,8,65,4.51,0
81317,18.43,1,93,31.63,0
65215,46.02,1,24,8.89,0
78587,115.91,4,30,62.74,0
6949,21.15,7,99,101.39,0
55393,16.57,9,97,49.54,0
138013,4.62,5,84,1.77,0
25934,36.72,2,57,8.1,0
154458,255.21,7,80,58.06,0
75745,43.7,2,73,32.65,0
94456,32.39,9,95,48.42,0
53413,45.7,9,17,17.0,0
97239,32.75,3,59,13.09,0
42318,14.69,8,31,2.25,0
70390,75.44,4,64,36.59,0
43088,41.5,3,48,27.34,0
103196,33.7,1,23,1.21,0
170883,12.49,5,70,4.7,0
55479,121.94,4,30,16.3,0
19963,64.37,1,55,23.07,0
55123,19.05,10,7,2.96,1
125911,90.18,8,75,5.62,0
102468,20.13,8,98,4.29,0
73477,15.15,8,12,4.97,1
14388,15.49,3,60,50.69,0
5569,5.63,6,52,25.16,0
69836,53.07,7,27,26.72,0
104573,5.31,9,12,31.6,1
167658,9.69,5,13,8.82,1
143087,4.16,9,72,29.15,0
45002,30.38,6,80,76.71,0
137326,28.49,10,62,23.97,0
148216,23.89,10,29,10.78,0
155286,11.67,10,35,25.2,0
137162,10.26,4,60,46.21,0
142709,52.69,1,29,2.76,0
153487,19.1,1,31,6.17,0
24071,45.44,10,77,50.34,0
58243,13.66,5,76,58.46,0
125827,39.69,3,61,13.24,0
108215,121.91,5,2,9.39,1
172312,59.51,5,33,6.65,0
101570,21.92,1,72,13.81,0
164506,42.83,8,62,54.52,0
69724,26.03,5,59,3.25,0
115359,33.38,5,40,10.89,0
75697,23.91,9,49,48.52,0
28732,28.1,8,32,8.59,0
121465,40.94,1,38,29.23,0
142386,12.26,3,92,9.86,0
155026,11.99,7,79,32.69,0
57108,8.26,1,87,79.27,0
111195,6.68,1,88,9.81,0
103081,9.8,5,13,37.3,1
36668,38.84,9,85,89.16,0
23061,13.56,6,54,82.49,0
79252,55.35,10,76,11.38,0
39749,34.29,2,13,13.3,1
130560,4.63,9,39,7.23,0
104680,63.75,6,23,7.54,0
147979,74.5,5,92,13.56,0
149849,12.26,5,14,4.48,1
51745,50.41,3,17,24.84,0
108464,14.06,6,24,15.37,0
91865,36.51,4,58,45.67,0
112428,9.35,10,63,33.28,0
23624,5.51,2,34,7.79,0
23321,22.58,3,51,14.1,0
141560,29.26,9,86,27.77,0
22574,22.25,9,10,4.29,1
136312,10.13,6,72,0.64,0
141550,22.2,10,21,38.25,0
150334,43.35,10,37,2.96,0
118831,31.66,9,7,44.04,1
135504,39.75,4,90,48.98,0
95257,16.94,5,13,12.35,1
64291,106.88,10,80,32.88,0
127600,10.21,6,30,9.03,0
50428,53.92,9,31,39.08,0
131374,107.97,5,5,34.82,1
131127,53.57,8,32,1.64,0
111317,27.04,1,16,17.47,0
139789,19.53,5,73,20.43,0
127449,93.32,10,22,0.02,0
28699,7.98,1,64,78.16,0
73686,12.55,10,44,10.44,0
67661,22.25,6,40,14.57,0
44247,114.17,7,37,4.33,0
147820,48.41,5,78,18.88,0
105113,12.58,1,16,33.28,0
4621,24.28,6,43,17.63,0
146106,17.92,10,84,31.03,0
136198,16.28,5,63,26.27,0
136194,88.14,6,15,5.43,0
18030,8.4,10,44,11.45,0
82838,165.47,7,90,3.22,0
84717,75.81,7,9,0.86,1
38638,98.58,2,65,1.3,0
67067,20.84,3,99,57.12,0
118033,28.5,6,44,83.39,0
105977,7.9,3,20,2.0,0
88869,19.6,2,70,8.17,0
105186,54.25,4,74,2.43,0
34674,121.03,5,33,35.94,0
166926,10.94,10,80,13.72,0
46271,22.98,9,100,19.42,0
73688,28.47,3,6,15.53,1
169590,8.2,3,83,24.77,0
111076,59.82,6,31,7.69,0
141339,16.05,5,66,2.96,0
1062,27.24,6,18,0.36,0
50448,21.07,7,28,11.8,0
95462,15.04,3,68,47.68,0
137301,32.88,5,65,7.28,0
47915,26.69,8,80,4.36,0
4632,22.83,4,45,52.09,0
104592,15.98,10,58,2.23,0
134668,45.58,2,47,1.06,0
109779,173.06,4,66,42.31,0
137240,38.09,2,52,24.14,0
108099,89.67,3,36,10.97,0
7561,8.25,4,1,27.91,1
82152,38.77,4,39,27.05,0
125036,11.05,10,87,0.82,0
124049,7.56,9,90,22.56,0
26734,15.81,10,75,20.48,0
137443,109.06,6,1,66.36,1
26069,85.63,9,75,68.0,0
12910,42.22,4,88,9.49,0
73479,7.15,9,74,17.82,0
81264,27.21,9,14,3.05,1
23275,44.78,6,78,1.38,0
72274,39.47,5,71,11.34,0
100776,5.24,3,23,23.42,0
48447,13.59,5,43,16.78,0
165601,31.06,3,22,11.23,0
126394,56.62,5,60,34.09,0
75703,3.68,5,100,31.64,0
76090,28.16,2,27,26.33,0
17260,38.21,9,56,1.6,0
112581,77.45,7,2,31.84,1
3812,66.21,6,39,50.37,0
159096,59.3,5,51,1.23,0
116148,14.88,4,19,10.27,0
158357,4.91,8,62,89.06,0
116421,22.35,2,71,18.29,0
1605,90.16,8,76,14.41,0
72303,133.41,1,67,3.91,0
158211,67.39,10,63,16.67,0
76125,50.87,1,5,11.56,1
144990,48.41,3,72,2.73,0
158518,18.99,5,78,12.48,0
124040,29.08,6,61,3.59,0
144118,175.75,4,100,26.24,0
155890,12.9,7,71,72.72,0
4324,166.46,7,7,12.68,1
76323,24.0,2,50,20.01,0
9111,124.64,2,46,11.28,0
169182,8.11,2,96,2.98,0
16389,59.5,2,72,70.5,0
122177,15.85,9,76,2.78,0
41427,8.04,5,74,2.37,0
159818,41.2,8,14,12.29,1
122883,90.87,5,73,21.51,0
131189,14.23,5,94,8.77,0
125808,7.4,1,69,4.28,0
112221,30.21,6,65,34.18,0
13234,30.34,4,65,9.02,0
53441,57.3,3,57,4.32,0
846,85.59,6,62,9.09,0
10954,31.21,2,20,4.83,0
79239,211.77,8,75,14.66,1
46514,41.44,1,26,22.07,0
88236,23.42,9,44,32.14,0
97579,6.61,8,67,5.16,0
137541,25.47,1,70,3.65,0
161177,23.66,10,62,0.4,0
42101,86.51,9,45,5.18,0
64323,52.59,2,11,0.48,1
91922,10.18,3,72,8.48,0
168048,39.34,2,93,3.15,0
127534,64.81,8,74,17.35,0
67584,152.63,2,34,9.68,0
104537,80.44,10,88,1.97,0
78477,70.87,2,46,10.21,0
42533,35.17,1,81,4.7,0
1828,48.83,7,32,22.8,0
1917,115.53,2,75,9.06,0
20618,8.73,10,98,3.18,0
32254,23.35,5,88,8.6,0
105292,15.29,5,5,5.08,1
47362,48.38,3,63,31.77,0
20128,113.32,3,29,81.93,0
123781,18.23,3,48,0.52,0
65545,3.03,6,98,23.42,0
82180,21.93,4,16,6.13,0
87958,82.56,3,25,1.37,0
140937,56.69,2,72,0.29,0
133291,50.81,3,29,42.57,0
39809,25.03,4,52,8.73,0
116748,9.22,6,46,104.22,0
5287,55.44,4,25,11.68,0
165459,14.38,8,23,4.16,0
8512,294.15,3,34,30.02,0
132414,58.59,3,67,52.21,0
108872,18.53,3,94,33.82,0
150288,17.97,8,34,27.35,0
93070,30.18,4,32,8.15,0
79767,26.06,1,29,1.33,0
97829,101.17,2,9,4.5,1
157686,39.9,10,66,11.84,0
167330,15.93,2,57,62.56,0
42078,219.3,3,39,25.66,0
106288,34.79,6,7,35.24,1
83524,71.44,8,69,6.5,0
12219,18.03,1,8,23.03,1
235,47.61,9,96,39.67,0
42929,45.2,1,18,13.06,0
127309,5.0,10,82,11.24,0
67444,248.46,2,49,25.42,0
139639,120.38,3,16,16.42,0
101834,22.26,7,21,99.73,0
84555,11.0,9,10,11.07,1
73698,46.88,3,4,3.87,1
124450,36.11,8,44,12.77,0
136487,47.26,9,8,5.36,1
167231,40.11,10,55,16.48,0
43925,54.94,7,19,2.69,0
137023,140.8,4,64,59.91,0
87388,58.45,4,40,39.3,0
8007,11.59,4,51,3.38,0
58596,129.36,6,9,3.78,1
121101,170.82,4,30,14.37,0
161595,774.38,5,56,29.65,0
88861,10.77,9,81,4.95,0
86740,42.22,7,44,1.26,0
15524,4.13,8,59,15.77,0
150354,57.58,5,15,23.53,0
155002,19.14,5,68,5.6,0
131149,226.66,7,70,26.92,0
125501,15.26,8,61,60.17,0
20611,6.12,9,80,2.95,0
148056,20.67,2,90,14.31,0
14060,4.59,3,23,1.17,0
43303,70.18,2,77,4.63,0
160359,4.2,10,47,1.88,0
39711,34.07,7,17,10.35,0
143026,4.15,2,57,34.39,0
73340,24.04,2,54,17.21,0
102974,171.29,2,91,5.04,0
149646,47.5,4,52,0.82,0
140256,13.96,1,22,16.12,0
150168,32.1,2,83,2.85,0
67728,33.72,3,39,8.39,0
165088,53.12,7,99,14.27,0
11246,8.44,10,13,46.81,1
149453,59.89,1,78,1.71,0
127796,2.22,6,95,22.09,0
167527,17.64,3,66,0.28,0
92263,20.32,3,52,19.88,0
135090,62.39,4,14,16.04,1
11302,33.87,4,73,33.41,0
67506,8.12,7,74,15.17,0
41157,12.37,3,63,8.7,0
54917,40.39,8,71,5.56,0
96646,30.6,8,28,1.78,0
83122,18.56,7,89,15.3,0
24519,20.47,2,46,43.84,0
80910,66.43,5,28,14.46,0
120430,19.73,6,2,26.87,1
71324,30.32,10,17,7.09,0
5408,290.02,4,59,11.89,0
59379,7.98,10,52,7.85,0
25053,5.2,5,4,2.31,1
140518,72.5,9,77,10.79,0
131994,16.8,7,82,28.9,0
98723,24.09,2,3,10.05,1
51356,15.16,1,37,21.01,0
10789,25.54,2,97,28.43,0
97720,163.78,3,24,7.79,0
66656,73.86,2,72,31.94,0
44028,78.43,3,35,8.28,0
64484,8.03,10,2,5.92,1
32154,10.47,9,33,5.03,0
2336,1.94,4,76,4.46,0
103677,14.74,9,86,26.72,0
67779,86.2,3,77,43.7,0
19029,55.53,1,10,5.24,1
59201,26.54,5,81,1.78,0
32265,32.39,10,62,7.53,0
102916,16.63,10,43,21.45,0
46197,40.64,2,69,9.19,0
125733,71.23,4,59,15.93,0
154782,6.58,2,9,27.28,1
160558,44.69,2,77,10.5,0
71907,84.14,3,60,161.89,0
128876,21.87,5,63,7.07,0
64435,66.73,4,52,76.56,0
40631,552.61,2,23,4.54,0
129038,29.83,10,30,2.35,0
20103,49.07,2,43,27.79,0
64772,15.83,6,68,24.23,0
126108,39.7,7,21,33.34,0
14382,52.47,10,43,8.42,0
84291,40.24,6,73,53.42,0
101195,11.94,7,7,2.54,1
134828,40.71,1,16,0.61,0
20609,142.91,6,23,7.15,0
147550,51.86,3,58,31.92,0
170738,86.66,1,87,22.35,0
75683,26.13,8,31,11.46,0
124714,70.1,4,69,5.92,0
130330,43.78,10,6,1.22,1
71315,12.8,8,65,8.23,0
77834,45.54,10,59,12.32,0
126205,12.28,4,28,23.23,0
14153,17.59,4,18,20.77,0
76325,40.02,10,88,58.88,0
144071,44.58,4,77,2.12,0
55318,10.08,6,97,8.2,0
131886,95.01,9,10,13.14,1
115033,58.67,5,7,22.22,1
76077,16.37,10,37,13.68,0
90474,7.12,8,96,48.78,0
133515,28.65,8,45,18.76,0
73319,21.2,4,86,0.81,0
125885,37.08,10,16,2.41,0
109777,23.03,9,88,28.01,0
17368,4.45,9,14,25.16,1
146400,22.46,5,11,3.33,1
91751,24.4,6,83,1.21,0
27306,62.41,5,87,17.29,0
170987,16.47,3,34,20.2,0
37219,177.45,8,60,2.91,0
60279,4.9,9,13,12.83,1
53028,122.87,4,39,7.3,0
104263,26.46,9,44,53.56,0
126,78.22,9,28,4.95,0
52329,35.87,7,40,26.43,0
27632,103.5,8,16,14.6,0
109945,22.48,3,50,0.23,0
55176,11.04,5,28,14.55,0
134869,137.07,3,68,2.1,0
144790,29.56,7,92,21.52,0
34560,41.33,6,60,16.67,0
76589,113.84,3,12,0.21,1
22116,11.8,9,16,4.58,0
167316,60.07,1,53,29.94,0
132717,18.36,10,54,6.45,0
124085,29.02,3,49,13.83,0
117718,35.6,10,36,7.48,0
19256,7.39,7,62,50.9,0
100158,15.2,3,84,15.38,0
168502,127.88,3,26,23.83,0
170354,80.33,2,56,1.74,0
119719,31.1,9,90,0.82,0
68244,42.23,4,22,6.0,0
142766,24.67,10,73,7.4,0
56264,128.58,6,69,23.27,0
57545,27.1,2,81,16.84,0
39224,41.76,9,49,9.39,0
97945,104.17,7,98,21.23,0
13224,15.22,10,2,3.57,1
40738,157.4,5,53,1.31,0
156222,7.17,7,7,38.55,1
63731,168.96,4,100,16.6,0
139649,22.81,10,77,20.94,0
8070,25.98,7,20,7.34,0
126161,5.0,2,94,9.3,0
8666,21.01,7,30,1.72,0
57761,11.71,4,75,38.9,0
36368,18.04,4,95,17.95,0
137855,28.87,1,67,1.75,0
41914,86.3,3,59,32.65,0
127738,40.76,5,66,11.74,0
67526,45.05,5,3,28.97,1
19956,11.07,2,56,0.25,0
46240,13.73,4,79,0.58,0
121008,200.08,1,17,3.75,0
168220,15.88,9,52,4.74,0
94270,173.51,1,7,28.87,1
4757,25.97,6,5,24.53,1
19097,33.19,7,98,19.15,0
141467,96.58,3,97,43.23,0
147313,118.14,1,54,5.68,0
103892,29.64,7,61,46.95,0
158768,22.46,3,16,48.04,0
70480,31.31,10,67,11.39,0
46163,46.43,6,59,1.98,0
19816,80.75,6,47,25.93,0
52853,33.26,4,48,8.22,0
155989,61.49,6,64,31.69,0
96731,170.44,10,50,3.58,0
152638,48.49,4,85,15.51,0
62823,45.23,8,41,14.19,0
151878,7.25,9,72,2.11,0
1759,2.39,2,22,9.03,0
92374,48.83,7,54,1.77,0
133554,30.12,9,5,12.5,1
24442,19.79,9,17,37.02,0
164791,42.25,5,78,6.3,0
93501,31.17,1,41,28.95,0
2079,102.29,6,92,4.05,0
133789,36.09,8,95,22.4,0
59676,15.69,1,81,49.43,0
159024,89.14,2,35,7.83,0
90397,26.65,1,40,46.13,0
72847,56.07,5,22,14.08,0
93607,20.54,2,48,7.62,0
149521,17.29,10,53,45.37,0
164608,36.02,10,93,0.65,0
64077,33.54,4,10,0.57,1
38258,53.51,1,18,18.32,0
159937,25.31,7,99,31.87,0
137717,5.28,8,80,27.85,0
119771,21.48,5,49,1.66,0
38000,73.25,2,71,60.02,0
26737,24.6,8,30,24.28,0
11485,25.88,1,19,59.56,0
38565,88.8,7,55,7.98,0
156594,16.25,1,60,23.68,0
119614,7.08,6,87,39.31,0
65155,28.2,6,72,9.58,0
52487,20.41,5,81,66.97,0
129948,12.6,2,21,6.16,0
12342,27.79,2,26,7.58,0
40806,54.14,9,28,50.6,0
48770,32.81,5,39,69.91,0
78623,45.01,5,33,6.71,0
103177,203.04,7,40,2.93,0
131026,23.5,6,83,28.46,0
75629,43.74,2,29,53.09,0
120993,19.9,1,20,18.36,0
126944,14.21,5,20,20.13,0
105947,18.45,4,74,28.79,0
26399,20.52,3,12,3.32,1
128177,47.44,2,97,72.59,0
109575,346.91,10,25,9.06,1
110904,16.18,2,25,19.79,0
30678,21.83,4,4,12.65,1
76218,31.09,2,4,12.63,1
63230,49.2,4,9,24.26,1
74055,43.1,3,15,104.66,0
162552,119.59,9,26,21.52,0
72258,2.93,7,79,31.6,0
39986,3.04,3,90,0.56,0
155232,20.17,8,92,33.26,0
85595,99.22,9,71,7.13,0
101358,6.92,7,32,2.71,0
64929,1.64,6,76,2.41,0
73506,58.63,4,99,22.78,0
34911,42.25,5,52,120.79,0
87127,11.13,8,32,21.94,0
162893,12.36,3,9,6.09,1
113453,12.56,2,78,4.55,0
84458,36.99,3,13,14.93,1
12175,17.7,7,56,1.35,0
119235,54.28,8,44,10.19,0
54771,1.91,1,97,21.95,0
127157,14.06,7,96,68.63,0
121300,10.74,9,83,11.09,0
86925,25.63,3,30,4.47,0
66358,19.34,3,16,34.01,0
148399,73.54,8,12,27.27,1
47057,5.16,4,74,39.28,0
6150,34.66,8,66,4.83,0
4425,57.88,5,18,10.38,0
16032,212.01,3,13,79.86,1
2198,20.46,4,93,3.44,0
151151,45.81,4,24,22.26,0
167292,5.45,8,12,5.41,1
144931,3.03,6,60,13.87,0
162491,77.07,7,60,32.24,0
118865,32.93,9,93,13.41,0
139777,107.61,6,86,32.74,0
23236,8.39,3,100,11.11,0
87955,55.7,3,1,146.86,1
103145,214.61,3,43,11.45,0
146430,50.39,10,55,3.24,0
94914,43.67,2,40,10.28,0
102870,33.4,1,64,27.14,0
116243,6.88,10,34,37.67,0
14596,128.45,1,34,12.33,0
164644,17.98,4,48,18.05,0
132351,54.84,3,33,37.27,0
111496,6.94,5,68,33.59,0
130273,10.18,9,30,21.44,0
138155,139.09,8,84,33.75,0
120674,23.4,9,90,17.16,0
120307,141.64,5,79,0.09,0
148843,30.62,8,71,0.84,0
161047,5.25,4,71,78.05,0
19063,80.81,5,29,3.13,0
67642,18.36,3,23,10.37,0
90093,66.6,5,34,54.3,0
168671,33.96,3,84,4.34,0
159601,7.08,5,15,37.13,0
35954,39.03,5,97,34.1,0
27856,297.74,6,53,85.85,0
2573,54.22,9,17,6.62,0
35367,31.26,1,64,7.58,0
99608,97.06,10,84,46.64,0
60774,40.88,6,61,5.33,0
23752,40.83,1,57,15.88,0
55029,11.12,6,77,24.58,0
148757,41.84,2,88,6.35,0
130282,93.26,8,37,55.75,0
51693,14.35,3,7,21.91,1
116739,137.62,10,8,0.97,1
55961,30.21,6,87,2.92,0
126678,13.63,6,78,4.23,0
74532,89.8,4,68,5.62,0
81994,24.86,5,21,26.24,0
56133,70.78,2,61,1.86,0
61268,24.74,10,74,8.63,0
169315,31.19,10,86,48.47,0
31653,54.25,8,94,16.27,0
157729,44.3,10,94,6.17,0
171024,4.5,7,80,62.96,0
153252,10.79,10,75,5.6,0
121829,83.88,6,86,47.1,0
128377,29.02,7,29,25.88,0
1622,19.61,1,25,26.98,0
48756,8.51,5,58,28.96,0
40809,11.25,7,14,14.13,1
16725,4.39,1,78,33.7,0
51226,29.93,2,66,36.18,0
81182,18.2,9,54,8.94,0
29402,12.6,3,77,10.23,0
4263,30.93,6,67,43.92,0
47924,47.65,7,30,14.88,0
74182,268.59,9,18,40.34,1
142736,7.3,5,54,19.71,0
35737,105.57,4,100,18.01,0
101332,87.63,2,21,0.63,0
89563,15.19,3,53,6.51,0
160445,40.58,5,83,13.95,0
167469,20.95,2,16,17.7,0
128575,39.87,4,28,19.91,0
101371,149.77,1,4,25.19,1
38709,60.68,4,55,21.36,0
150322,55.07,7,15,37.75,0
21172,21.54,3,64,7.0,0
11555,7.51,10,65,20.52,0
53276,26.88,8,16,1.05,0
57492,110.68,6,20,13.09,0
89599,7.19,6,64,6.24,0
155834,11.53,1,33,9.59,0
11046,37.57,5,81,8.76,0
116021,12.37,3,69,1.25,0
159841,14.99,10,69,12.57,0
154222,21.68,1,58,104.54,0
4853,8.45,8,39,7.1,0
120900,12.5,7,77,26.65,0
152864,66.92,7,36,15.87,0
59129,8.96,10,94,7.87,0
114130,6.7,10,68,1.88,0
163059,17.64,10,87,4.86,0
146922,68.85,4,21,30.45,0
143184,27.2,6,63,6.54,0
121789,20.81,9,85,3.12,0
155130,34.62,3,6,8.05,1
38890,5.78,9,24,17.54,0
66017,54.31,4,53,24.31,0
163993,48.59,5,95,9.8,0
132596,21.99,7,83,13.79,0
100424,90.55,6,76,12.14,0
15048,10.72,10,78,0.18,0
166183,102.3,8,50,10.07,0
168976,38.65,8,12,17.7,1
54912,23.65,8,56,16.88,0
34008,32.46,3,15,27.71,0
131132,29.75,10,83,22.2,0
83559,112.2,6,92,6.48,0
55337,11.28,7,40,5.9,0
110616,15.45,9,41,12.48,0
13350,93.35,10,69,26.41,0
24354,18.26,10,69,1.97,0
45186,81.49,4,6,59.26,1
28145,181.17,5,87,15.67,0
165092,22.16,8,67,7.32,0
86123,65.45,1,33,23.64,0
20581,10.45,6,43,0.92,0
88929,70.44,4,21,13.25,0
23051,40.42,5,84,13.31,0
51474,53.15,5,65,3.53,0
91748,17.36,2,17,36.33,0
125995,6.29,8,93,31.87,0
69626,54.78,2,8,3.31,1
6960,4.21,4,64,9.05,0
166844,24.11,5,90,2.12,0
152592,84.88,1,28,37.76,0
36408,40.12,6,98,7.81,0
94006,232.37,2,90,11.57,0
57134,92.31,5,13,7.83,1
151563,17.22,6,13,7.42,1
132413,34.03,8,38,27.51,0
90327,31.58,9,25,27.53,0
131410,6.81,6,62,14.59,0
143326,12.93,5,23,21.44,0
11344,18.9,4,86,14.33,0
132822,4.32,2,21,0.58,0
67957,34.73,2,54,1.37,0
105423,25.81,7,63,9.68,0
58053,6.22,5,30,27.71,0
146968,49.61,7,75,48.89,0
77454,67.75,1,68,0.6,0
90600,41.56,1,97,9.18,0
122732,23.95,5,76,5.07,0
159007,59.83,2,73,33.77,0
37641,65.38,8,32,37.41,0
29711,45.03,3,75,4.62,0
70342,14.52,1,24,24.81,0
106896,43.67,2,7,26.32,1
143254,109.45,10,72,3.9,0
87833,18.24,10,97,11.37,0
56276,269.87,7,89,19.37,0
19541,19.58,6,1,0.53,1
94457,34.21,8,3,10.37,1
44813,16.9,7,28,3.37,0
168270,41.4,10,43,15.61,0
139892,5.8,8,97,37.02,0
24070,19.18,3,46,14.88,0
142194,11.11,6,1,0.73,1
80559,37.91,7,38,0.6,0
41786,89.52,10,91,18.6,0
137809,63.18,1,35,7.95,0
36062,3.09,1,74,17.0,0
51571,255.21,7,76,3.57,0
25510,44.49,3,74,30.0,0
19426,15.23,3,54,39.43,0
37265,38.75,5,98,44.01,0
148922,39.5,6,24,7.25,0
66150,17.0,2,28,21.62,0
87312,40.36,3,22,6.54,0
89613,18.04,6,16,28.77,0
74910,22.1,3,13,2.57,1
52375,16.67,5,100,28.77,0
121826,7.9,9,100,11.59,0
35435,38.31,3,62,38.7,0
96443,59.46,6,43,26.86,0
134055,55.42,5,87,9.45,0
151734,75.18,5,78,46.77,0
23510,45.8,6,32,6.66,0
172070,19.44,6,67,68.22,0
94071,76.68,1,91,29.15,0
6640,8.52,9,83,93.5,0
44547,13.45,5,86,1.11,0
54620,12.63,1,57,6.41,0
146389,97.52,8,65,27.04,0
115608,85.01,7,69,51.09,0
7564,53.91,7,49,0.58,0
158417,96.73,5,33,0.0,0
113824,13.75,1,19,5.92,0
79273,46.93,9,36,38.32,0
74859,29.22,9,70,29.15,0
110017,77.24,8,15,8.32,0
123618,29.51,5,100,0.04,0
125341,22.53,3,97,16.18,0
29430,56.88,8,24,5.44,0
27788,79.53,1,27,27.38,0
144991,16.97,3,49,11.82,0
69346,31.15,7,75,22.7,0
96122,11.49,4,23,38.25,0
39974,2.72,7,33,15.35,0
107309,40.47,5,41,8.19,0
16371,60.88,6,56,29.35,0
45084,43.04,7,29,6.16,0
160701,4.71,10,31,44.42,0
61916,23.32,7,65,1.48,0
73972,3.6,7,98,36.09,0
12984,130.28,7,18,1.92,0
33039,11.18,7,82,1.16,0
85431,116.21,3,6,9.03,1
83691,85.27,3,52,62.72,0
58606,13.46,7,40,82.07,0
141688,10.67,2,65,4.51,0
102665,47.01,2,42,3.22,0
105373,14.23,3,94,8.71,0
24574,36.69,4,68,8.22,0
134502,20.43,6,32,28.51,0
143748,5.58,8,10,11.74,1
141888,3.56,10,69,30.27,0
32733,41.54,10,9,27.62,1
2050,18.89,7,69,17.27,0
109996,19.05,4,61,35.86,0
33933,66.41,2,11,4.35,1
24951,107.07,2,99,3.53,0
32413,25.22,4,91,27.78,0
165873,23.56,6,68,5.62,0
163985,54.61,3,74,0.06,0
112573,8.53,6,97,48.6,0
171672,41.39,5,8,19.51,1
166472,57.51,5,49,11.77,0
135566,65.38,2,24,25.87,0
122744,4.77,8,33,8.11,0
89431,15.47,5,19,61.44,0
43001,13.76,2,2,1.42,1
67364,36.59,7,55,20.49,0
124988,53.56,9,11,30.04,1
45028,147.93,9,99,12.66,0
168645,20.19,1,17,28.13,0
131878,20.13,7,42,52.32,0
124343,104.55,9,61,27.25,0
128301,44.55,6,3,7.4,1
126295,117.64,1,86,16.5,0
160829,44.2,2,35,48.52,0
34636,10.41,4,85,11.92,0
24262,8.73,4,89,22.9,0
80435,7.02,2,66,12.53,0
128583,64.2,8,1,2.59,1
169269,108.7,2,7,1.21,1
41844,210.47,3,20,60.85,0
64754,76.95,4,43,18.96,0
165229,105.94,9,6,2.19,1
77129,18.54,10,55,38.96,0
40042,10.42,1,100,14.79,0
61665,77.48,8,21,29.56,0
116953,50.28,5,51,2.71,0
158448,36.87,7,46,47.48,0
145271,48.78,8,35,17.86,0
118533,45.75,5,100,26.81,0
73781,119.56,8,8,0.64,1
66262,120.9,10,68,7.58,0
46600,57.07,8,16,6.22,0
76898,77.15,9,67,59.75,0
149369,55.37,2,71,4.1,0
30448,20.88,3,64,24.56,0
26172,70.57,1,2,0.87,1
7657,8.21,4,1,4.41,1
156497,95.0,5,58,8.27,0
157757,10.03,1,1,31.65,1
112855,44.07,8,7,31.21,1
155650,14.22,2,88,60.98,0
159903,57.59,1,69,49.72,0
7906,32.01,2,85,1.7,0
61413,6.72,5,92,35.42,0
54028,50.44,9,18,12.0,0
7287,18.58,9,88,40.18,0
33660,79.93,2,32,1.87,0
60504,33.16,2,45,34.61,0
102979,49.18,3,33,3.48,0
34701,12.71,7,74,8.12,0
83300,18.37,3,73,0.59,0
148746,20.93,1,49,2.64,0
83560,78.0,6,33,11.8,0
154946,177.22,3,97,34.11,0
43642,14.8,1,71,29.72,0
65160,97.21,4,68,5.37,0
17602,3.78,1,28,3.29,0
103320,10.03,1,87,9.86,0
88801,12.7,2,53,42.96,0
25931,8.56,10,96,1.92,0
94377,6.8,8,44,15.66,0
29192,50.05,2,80,1.86,0
46542,26.73,2,55,12.71,0
127015,48.4,10,10,2.71,1
42520,66.05,10,14,1.67,1
64772,43.19,8,36,4.24,0
50106,63.93,6,34,5.89,0
81121,30.89,4,88,6.47,0
25559,10.1,3,18,20.73,0
105595,95.37,1,16,1.13,0
33742,18.37,3,37,1.69,0
69669,12.99,9,41,4.18,0
152826,27.72,5,25,41.12,0
135044,13.29,6,8,19.81,1
70831,21.81,5,88,26.21,0
112217,46.71,1,84,9.25,0
41873,46.92,10,94,4.8,0
106532,13.49,1,84,0.77,0
126267,20.33,4,18,13.41,0
140975,96.96,3,68,17.08,0
134092,54.4,8,48,45.46,0
41755,263.77,7,100,42.76,0
85956,107.78,7,70,11.06,0
86988,103.99,8,67,11.02,0
45648,8.27,10,18,3.51,0
125991,71.08,7,18,5.95,0
140588,31.4,10,56,51.98,0
115005,19.09,2,23,3.04,0
2396,39.17,4,35,69.28,0
84082,85.22,6,6,14.05,1
150201,54.64,3,26,12.2,0
128322,13.76,3,85,3.84,0
132663,69.58,6,61,21.67,0
11303,17.5,1,88,12.32,0
161633,41.13,1,15,9.26,0
71719,24.45,5,91,6.14,0
99616,26.61,1,32,1.38,0
124165,71.25,10,12,14.65,1
86231,11.7,8,5,7.51,1
7314,231.64,2,64,24.61,0
19623,5.36,6,71,25.71,0
105228,18.22,10,86,8.07,0
164202,47.95,10,27,22.12,0
97624,59.4,5,79,5.99,0
157364,29.95,10,45,25.98,0
111785,31.27,4,35,0.32,0
86206,49.93,1,26,3.29,0
69274,26.28,3,23,5.62,0
133541,133.38,4,13,29.65,1
53947,76.66,2,90,1.37,0
153606,79.27,2,3,4.17,1
48874,12.6,2,29,8.88,0
49708,30.59,1,66,0.18,0
74553,24.52,10,64,28.72,0
68344,12.11,2,28,16.42,0
49138,47.47,6,87,46.19,0
47638,19.34,3,36,0.63,0
78249,63.78,10,6,6.33,1
105865,11.36,5,11,26.28,1
2719,184.76,1,38,22.49,0
153962,13.51,8,34,5.57,0
167581,41.24,4,81,18.11,0
42534,73.1,9,67,31.57,0
92241,18.72,4,46,0.68,0
149859,77.67,2,98,25.29,0
126209,9.69,3,86,5.81,0
92124,141.47,5,29,59.07,0
91659,33.59,10,60,15.45,0
164134,18.24,6,54,0.68,0
75713,24.55,7,93,10.33,0
75418,74.36,4,69,67.81,0
128232,18.46,7,74,26.21,0
165904,15.65,10,74,7.15,0
163038,26.53,3,9,17.13,1
144059,10.21,7,85,18.28,0
168383,204.5,4,77,0.47,0
31575,18.8,8,10,3.94,1
63852,76.07,9,75,16.05,0
132079,40.83,7,68,10.31,0
76242,12.37,8,58,4.22,0
29257,32.92,8,95,29.63,0
144353,72.53,2,52,13.43,0
61246,27.43,9,34,7.42,0
1435,109.19,6,35,3.53,0
91357,91.97,4,33,18.89,0
157732,83.01,5,72,21.95,0
136156,20.91,10,32,22.15,0
144579,11.25,5,55,4.98,0
83807,17.93,7,97,18.09,0
115953,40.3,9,8,47.16,1
138563,57.16,7,46,8.71,0
123797,3.78,9,14,4.73,1
63888,32.85,4,98,29.58,0
73609,38.79,10,8,3.89,1
9077,25.09,10,71,5.85,0
20953,120.45,4,77,2.12,0
114682,50.49,6,54,6.24,0
67889,122.76,8,21,10.56,0
154893,26.68,9,96,1.33,0
168639,84.56,1,75,41.07,0
115374,169.88,1,14,14.42,1
24860,122.94,8,75,17.74,0
152267,11.11,7,2,9.28,1
77475,25.7,9,98,22.16,0
87266,23.45,3,61,11.3,0
152499,54.01,10,17,28.65,0
100732,65.78,5,78,34.45,0
27083,14.31,3,89,22.29,0
57372,35.44,5,48,13.52,0
123786,4.39,10,91,30.49,0
7813,140.04,1,8,13.64,1
31598,19.84,4,56,2.36,0
93106,35.02,6,17,2.47,0
27082,24.3,2,69,59.36,0
29241,104.17,7,12,4.8,1
11745,1.94,8,38,33.85,0
26029,32.57,1,18,5.67,0
144097,29.79,4,26,11.27,0
123395,21.04,4,95,21.28,0
145360,186.09,5,37,3.46,0
89186,13.64,4,70,26.73,0
137612,71.65,9,41,23.42,0
97768,47.29,7,79,15.67,0
41846,116.92,2,42,16.69,0
75932,16.99,1,90,2.24,0
148554,15.91,9,76,11.45,0
23411,99.09,1,41,1.81,0
78797,50.67,6,47,7.36,0
52307,7.06,2,14,46.11,1
134165,19.31,4,1,17.09,1
22042,48.73,6,17,27.15,0
52930,76.54,5,97,17.06,0
97883,16.79,6,55,4.32,0
33756,1.8,3,93,18.07,0
53268,55.88,5,53,28.16,0
170286,9.77,2,31,2.98,0
159674,4.4,7,62,33.96,0
48901,1.95,3,8,16.21,1
99986,74.74,1,30,0.09,0
163268,37.66,8,77,14.67,0
128386,26.43,8,80,10.07,0
5626,132.82,3,66,7.03,0
138496,62.64,7,45,29.5,0
12857,166.72,9,18,45.95,0
151054,8.23,8,99,28.76,0
133052,31.99,3,45,37.52,0
26431,6.58,2,19,47.89,0
84976,26.33,10,77,48.75,0
82711,25.83,7,68,2.44,0
26385,61.97,7,83,12.19,0
169230,34.66,9,50,0.01,0
154091,61.77,5,25,14.12,0
18639,66.92,4,38,51.6,0
85530,285.7,8,95,4.44,1
21563,24.16,4,36,20.42,0
170413,12.92,4,68,20.68,0
115672,42.35,2,56,3.5,0
136848,14.85,1,39,5.45,0
167516,145.76,4,63,12.4,0
139783,24.95,7,7,4.17,1
82970,18.81,9,58,17.59,0
85553,20.67,9,80,13.25,0
161779,67.93,10,59,14.65,0
170182,28.28,1,48,2.89,0
82879,17.43,5,5,14.57,1
169899,175.1,7,87,1.01,0
136727,14.07,7,36,42.66,0
44859,34.31,10,96,8.41,0
52098,63.58,6,88,38.81,0
146323,6.48,10,25,24.19,0
122413,53.53,4,45,29.06,0
526,11.53,3,92,7.55,0
68760,75.4,9,19,5.17,0
47837,12.65,10,7,10.44,1
11536,66.21,4,58,0.49,0
28541,100.07,8,81,50.21,0
79083,78.37,1,66,9.79,0
34531,42.58,7,80,89.41,0
8712,26.28,6,39,28.66,0
104101,18.61,1,18,1.68,0
65455,144.18,4,1,21.59,1
74744,16.45,5,63,6.32,0
129749,11.74,8,3,5.59,1
5109,64.42,4,21,5.93,0
49268,14.94,3,30,49.56,0
54615,12.81,2,11,13.86,1
82503,7.82,4,22,22.14,0
160831,20.43,10,57,6.6,0
85708,30.49,4,89,14.8,0
102471,42.23,10,3,8.62,1
157661,85.74,5,30,7.75,0
161087,56.09,7,88,5.67,0
160081,27.36,9,45,10.52,0
83309,27.16,2,36,21.58,0
126446,55.16,5,87,5.02,0
106661,118.22,10,72,67.3,0
157215,37.57,9,64,2.66,0
6154,20.72,3,54,13.09,0
152876,12.27,1,68,1.78,0
172760,7.81,2,50,0.46,0
64288,64.47,6,31,51.2,0
51195,59.03,5,29,33.26,0
20581,58.99,1,59,23.69,0
30087,29.12,1,36,40.08,0
164053,135.22,4,77,32.48,0
69298,20.41,4,73,20.84,0
46167,86.08,6,85,37.59,0
39499,31.86,6,67,9.91,0
125816,18.02,10,89,16.09,0
169631,59.89,6,89,29.95,0
96347,49.88,1,76,1.77,0
48787,47.32,10,93,39.13,0
35488,35.92,9,11,3.41,1
74441,31.88,7,11,39.98,1
22431,360.82,7,26,7.46,0
61681,108.23,7,53,7.91,0
122720,68.23,2,14,1.54,1
49153,37.03,2,64,43.41,0
6368,90.66,6,80,3.84,0
158496,55.59,7,10,19.89,1
112360,33.99,3,31,20.65,0
112755,24.45,4,95,6.6,0
56985,30.54,3,36,84.9,0
50069,1.39,7,10,1.33,1
52326,40.88,7,26,18.72,0
108737,20.32,4,20,13.06,0
154470,162.82,7,44,5.63,0
50861,33.76,5,62,3.57,0
75897,10.08,1,73,26.72,0
127118,31.5,10,79,49.61,0
68577,11.63,4,9,2.28,1
9078,53.17,7,71,4.31,0
156075,44.3,2,90,85.76,0
62768,86.3,2,24,0.3,0
51047,15.02,1,12,14.2,1
71626,34.26,2,60,14.52,0
57660,8.46,10,84,6.11,0
132997,66.79,8,78,21.76,0
117832,55.64,8,86,57.99,0
130406,54.37,8,16,11.96,0
125150,33.17,1,29,27.68,0
157087,50.14,1,32,20.77,0
33320,164.74,10,83,12.81,0
64881,24.9,4,35,1.02,0
90827,38.04,6,43,27.08,0
102215,11.18,8,96,9.03,0
157361,13.9,2,53,5.08,0
134461,36.52,3,20,59.23,0
156755,99.88,6,84,29.7,0
144701,25.63,10,8,65.55,1
61550,26.16,4,99,5.92,0
24826,22.05,2,42,36.13,0
100734,19.4,7,77,18.72,0
157702,44.48,4,70,79.8,0
98511,7.41,8,16,58.49,0
11653,119.22,8,69,72.21,0
159033,17.02,7,53,60.63,0
81941,68.16,10,45,0.15,0
33662,9.3,9,51,27.03,0
98818,64.64,4,98,6.35,0
152360,64.84,7,6,24.42,1
95081,48.63,10,33,78.86,0
36877,12.25,10,79,0.8,0
111562,42.5,1,15,16.74,0
146385,10.14,4,14,26.56,1
72715,25.72,2,39,5.84,0
141398,92.7,9,63,5.1,0
110091,73.46,5,5,1.24,1
132632,33.62,3,90,1.97,0
79148,12.49,4,81,21.39,0
83186,63.15,6,52,14.07,0
157817,33.76,10,16,0.61,0
162962,3.25,1,99,69.91,0
151094,72.43,7,38,21.34,0
123629,32.32,8,53,14.49,0
70316,110.22,7,87,6.37,0
28380,11.08,7,77,21.46,0
110198,1.38,9,97,9.06,0
2356,43.78,4,93,24.25,0
70326,44.33,7,53,22.95,0
92447,6.11,9,46,1.95,0
114994,12.45,5,98,48.0,0
20049,520.72,2,98,13.35,0
105361,24.4,5,91,9.98,0
16082,68.78,4,15,62.23,0
661,17.28,8,59,11.53,0
168484,4.09,5,50,25.55,0
2920,27.93,9,9,21.29,1
79561,25.39,9,26,3.61,0
8946,22.2,3,3,94.53,1
16309,29.53,10,100,12.46,0
55230,43.13,6,47,10.04,0
111822,28.5,6,5,50.42,1
161099,9.36,4,62,15.07,0
112340,53.85,10,84,24.42,0
59321,4.71,3,84,37.45,0
132028,4.26,1,5,5.37,1
74131,69.35,7,10,3.71,1
25963,54.98,5,80,1.42,0
101757,31.27,10,63,45.49,0
170515,8.2,7,25,4.47,0
99259,16.32,1,44,7.36,0
39063,25.46,8,25,6.73,0
114225,6.71,3,30,7.27,0
116400,15.82,7,14,22.06,1
80818,63.58,3,86,61.63,0
4703,138.01,3,43,7.99,0
72099,21.77,10,28,10.47,0
156921,70.56,9,94,29.49,0
162932,4.88,2,19,11.32,0
31585,64.04,4,42,52.09,0
153087,14.82,6,20,13.99,0
43585,45.03,3,99,8.55,0
26958,25.85,10,86,71.21,0
26017,124.02,10,79,11.09,0
124677,13.81,7,11,5.26,1
143273,62.03,7,54,3.91,0
29426,25.04,5,98,106.71,0
17778,28.27,3,24,27.97,0
42229,27.55,2,70,10.51,0
86652,14.22,4,17,35.02,0
128267,32.65,4,28,15.83,0
126503,31.1,8,50,7.64,0
84878,42.15,8,95,27.2,0
57056,36.04,5,100,27.4,0
158562,73.55,6,55,13.87,0
19975,83.39,8,73,0.92,0
157795,11.58,1,10,1.6,1
154351,78.95,5,21,31.09,0
142633,10.11,4,58,34.69,0
88397,59.61,4,34,22.68,0
33142,61.54,2,95,36.54,0
26916,4.9,10,93,25.42,0
64324,36.34,1,43,45.45,0
125932,20.73,6,11,3.26,1
135720,15.51,7,33,9.81,0
166205,127.85,5,58,12.48,0
96059,17.22,8,46,7.07,0
98317,14.79,9,61,25.85,0
35046,35.72,2,62,48.71,0
101459,65.73,4,1,10.64,1
45893,28.74,9,21,56.79,0
101520,106.31,5,62,14.55,0
125818,56.32,3,64,14.78,0
61272,3.75,6,87,18.34,0
67649,19.5,3,73,6.25,0
64674,18.88,5,56,9.67,0
144832,53.48,3,1,16.11,1
152999,2.4,6,21,56.94,0
86475,423.69,10,22,20.58,1
61367,56.32,5,54,8.1,0
143660,38.43,9,4,0.21,1
121750,107.94,3,65,79.98,0
118154,345.04,6,51,13.58,0
44738,79.1,8,74,55.77,0
33397,85.53,7,63,15.94,0
82189,37.74,6,15,18.6,0
76367,28.75,2,36,24.89,0
120585,20.58,7,29,7.74,0
76619,14.5,8,52,24.01,0
111453,16.66,1,46,14.96,0
19816,8.58,9,69,22.32,0
137348,30.7,4,29,36.14,0
79530,6.14,8,47,4.07,0
154571,40.08,10,91,19.02,0
108856,31.93,7,25,1.07,0
71635,38.36,10,80,2.15,0
107803,19.65,7,16,22.45,0
35946,718.28,2,100,1.47,0
55204,129.04,1,89,18.1,0
15563,9.54,4,41,4.97,0
92324,41.8,2,65,7.25,0
9847,18.03,8,69,2.78,0
26155,12.01,10,20,5.72,0
79671,8.67,7,69,34.44,0
116891,51.02,8,36,20.37,0
83310,16.75,6,93,59.82,0
149381,87.17,1,98,1.0,0
131691,89.46,9,58,31.44,0
34707,130.83,6,48,24.02,0
151409,14.12,10,82,6.05,0
81537,53.27,1,2,26.13,1
91155,62.33,1,80,25.21,0
281,20.61,8,29,12.3,0
158492,15.31,6,97,23.34,0
170102,165.59,8,16,11.76,0
132130,41.57,8,35,8.18,0
76260,62.55,8,62,12.57,0
159476,14.55,10,81,45.1,0
160928,9.78,7,4,9.71,1
140272,18.74,7,68,10.34,0
64178,29.25,10,51,18.75,0
33997,11.42,4,89,27.97,0
156683,32.79,9,33,26.53,0
119273,6.12,2,78,0.4,0
172307,10.8,9,24,23.26,0
166129,64.77,10,75,11.98,0
132311,60.57,3,25,14.85,0
126945,22.38,2,28,16.5,0
45272,11.97,4,7,26.31,1
89393,11.85,5,36,35.6,0
61212,22.8,2,10,20.78,1
146470,63.09,1,36,16.6,0
120030,83.78,10,95,9.36,0
56503,20.16,5,83,2.97,0
137710,10.45,9,18,63.68,0
6570,43.29,5,6,12.39,1
68785,14.53,10,92,16.7,0
9110,19.72,9,7,27.81,1
79141,124.62,10,12,1.42,1
12115,75.73,6,41,38.62,0
39062,38.78,3,63,31.89,0
22911,9.28,4,98,29.78,0
104061,40.91,4,25,0.44,0
32556,95.84,1,81,14.95,0
128335,22.75,3,53,1.12,0
1969,127.88,3,33,16.01,0
43753,120.63,1,87,25.35,0
135542,174.82,9,73,2.6,0
121863,44.94,1,6,23.74,1
10225,59.58,9,62,11.94,0
123008,136.21,1,66,33.38,0
154268,51.8,2,9,15.25,1
105823,20.06,2,67,8.19,0
13669,21.15,6,16,8.07,0
168452,42.04,7,89,45.56,0
124398,9.11,1,88,12.06,0
110677,28.7,3,93,10.41,0
48320,99.14,2,55,0.81,0
146649,3.7,8,40,9.06,0
125354,153.62,9,26,37.89,0
88009,101.74,2,38,28.62,0
28625,20.91,2,35,4.99,0
24089,57.02,10,87,10.66,0
36487,33.22,9,68,4.38,0
110448,113.29,4,59,61.68,0
50138,88.47,5,14,18.23,1
168280,8.17,9,47,28.08,0
54061,59.58,6,71,25.02,0
161731,26.96,10,72,41.38,0
101376,35.98,9,42,59.65,0
162962,15.99,9,51,0.66,0
79134,190.21,7,19,74.02,0
47055,93.7,10,66,40.89,0
19508,15.8,9,47,9.66,0
158056,8.72,5,65,36.29,0
110169,22.52,5,42,26.68,0
8125,51.14,8,38,31.51,0
36059,42.11,10,13,4.99,1
103409,115.95,4,44,20.91,0
148159,72.96,9,24,0.53,0
5704,87.32,7,96,37.71,0
111279,45.92,7,30,60.34,0
158280,8.25,3,70,21.7,0
118516,27.23,4,38,14.38,0
170954,95.59,7,97,25.87,0
156995,31.45,5,23,7.9,0
114044,54.77,3,74,19.69,0
29165,24.08,1,57,25.39,0
67203,11.82,7,79,3.08,0
4114,29.27,6,23,3.02,0
36321,45.11,10,36,25.19,0
73297,17.19,7,57,11.31,0
96652,26.16,2,1,44.0,1
99304,12.94,4,72,7.48,0
156498,101.42,2,3,0.87,1
17772,24.67,8,14,20.99,1
103754,141.56,7,81,23.06,0
3712,152.74,1,34,16.13,0
132439,30.54,2,70,23.0,0
115142,12.08,2,69,14.84,0
91736,4.11,4,51,23.59,0
51924,7.6,3,29,0.9,0
3726,8.38,1,99,9.19,0
89152,131.43,2,82,4.74,0
27723,37.18,9,48,2.09,0
126969,48.89,1,94,5.33,0
100494,3.6,9,79,4.25,0
140180,9.99,7,79,72.34,0
35643,80.41,2,16,6.75,0
162396,44.11,2,57,5.25,0
103896,28.58,5,97,36.02,0
139999,58.26,5,10,10.86,1
93680,170.0,4,19,10.95,0
96546,26.55,10,67,11.73,0
153515,35.49,10,36,10.78,0
79973,40.15,3,4,7.91,1
63449,362.17,4,75,6.75,0
109834,4.06,10,33,42.73,0
25537,65.58,4,28,3.53,0
77576,29.52,2,96,3.99,0
107522,58.37,5,80,16.96,0
22612,17.16,5,9,8.42,1
6471,31.53,5,75,10.95,0
166703,67.45,10,6,32.85,1
31348,744.65,1,49,46.79,0
1177,74.29,6,91,31.27,0
135832,14.18,2,76,5.36,0
32779,21.68,7,22,78.21,0
21636,21.04,4,48,9.03,0
81889,5.5,5,21,3.7,0
53551,23.81,5,33,13.84,0
142628,68.91,5,81,25.84,0
158670,9.26,2,56,1.74,0
142635,94.49,5,29,20.12,0
46819,53.93,3,53,39.05,0
73770,15.89,4,40,6.07,0
158038,28.75,2,74,23.63,0
158059,163.75,4,18,10.21,0
78714,68.96,9,47,10.69,0
24596,33.41,8,13,6.59,1
164246,26.11,3,27,19.58,0
64106,35.75,1,62,8.96,0
59182,19.85,1,74,35.55,0
87163,4.04,6,96,65.89,0
39310,255.23,3,45,54.69,0
56088,38.68,4,3,3.56,1
128803,49.31,1,22,0.29,0
139978,31.25,8,27,11.54,0
36914,15.88,1,55,26.1,0
110350,27.5,5,67,75.85,0
45379,6.69,6,33,30.6,0
168722,322.82,2,2,17.38,1
46413,9.64,7,75,0.53,0
137084,11.8,7,46,34.92,0
7151,21.32,1,74,3.9,0
57716,120.07,4,33,1.14,0
93747,33.6,4,58,37.99,0
167450,9.62,5,7,16.71,1
144539,116.09,1,15,2.75,0
162082,68.79,1,26,9.77,0
121999,56.74,7,11,1.79,1
114793,67.74,9,38,20.32,0
108177,362.99,1,27,6.64,0
12289,294.45,2,7,40.21,1
154243,16.66,6,1,8.86,1
86365,167.99,6,74,13.65,0
114014,48.58,2,21,1.31,0
160806,54.55,9,79,6.45,0
72588,6.1,4,30,22.59,0
63646,27.93,7,94,26.66,0
3654,14.69,6,8,5.56,1
18743,75.8,3,88,14.02,0
48368,96.65,8,83,34.02,0
137513,4.16,7,3,9.56,1
119735,32.39,9,55,2.87,0
155683,101.68,3,15,11.31,0
119891,27.48,1,36,18.36,0
107971,68.65,2,6,0.15,1
12149,47.05,1,42,8.57,0
100102,46.6,5,50,18.7,0
59189,25.25,10,18,60.69,0
152747,9.81,2,83,10.5,0
71031,10.79,3,50,3.56,0
42668,67.31,8,30,15.28,0
144745,33.77,10,77,6.73,0
88204,28.83,5,39,4.84,0
154741,21.67,4,12,17.85,1
165140,24.41,5,98,49.51,0
140507,94.34,10,59,36.06,0
37384,23.68,6,76,4.03,0
81929,8.66,7,44,29.04,0
127959,69.66,9,88,5.22,0
76153,26.98,1,4,6.87,1
75388,34.17,4,36,50.53,0
31401,165.27,9,48,48.39,0
119503,32.44,5,14,3.69,1
127834,44.22,8,81,1.33,0
34084,10.19,1,49,6.94,0
110641,26.58,4,67,17.43,0
105111,60.92,9,87,41.89,0
167523,6.99,1,77,2.53,0
138299,40.48,1,9,10.72,1
162982,36.63,4,21,6.34,0
36041,34.51,3,72,0.3,0
88920,93.42,7,81,31.07,0
65681,46.27,3,16,33.56,0
81571,145.19,1,16,5.0,0
127556,12.26,10,28,3.28,0
26160,37.94,2,51,3.12,0
17633,36.03,10,56,12.47,0
17014,11.37,4,80,5.66,0
80532,86.17,1,57,14.32,0
49104,338.55,1,52,9.72,0
172693,32.56,8,46,4.74,0
77231,54.87,7,78,27.82,0
68388,36.04,8,38,3.26,0
16014,16.22,4,84,32.08,0
92578,5.36,6,48,16.49,0
164827,16.35,3,41,35.68,0
40390,8.23,8,98,0.1,0
23711,182.02,4,59,27.66,0
91658,29.51,3,93,1.06,0
57993,23.43,4,67,59.95,0
158285,80.57,6,74,24.26,0
7421,10.79,7,84,7.72,0
17727,15.38,7,66,7.71,0
112418,35.45,4,27,39.54,0
4358,92.64,8,32,46.63,0
65108,54.69,7,56,44.43,0
94018,42.45,2,10,33.08,1
124457,35.81,8,40,34.19,0
163189,49.41,9,17,17.01,0
31910,40.51,5,58,0.57,0
126888,11.82,4,97,1.82,0
55754,34.68,4,6,20.97,1
109847,11.32,4,39,10.26,0
160443,35.91,6,18,16.75,0
38467,20.48,4,73,5.26,0
148697,419.63,7,72,20.96,0
33893,31.82,7,89,5.56,0
76329,8.13,5,95,12.35,0
31007,28.96,5,42,13.03,0
170604,55.67,10,4,3.91,1
54253,176.51,8,20,41.78,0
12323,18.37,7,28,14.92,0
111335,6.8,7,40,40.32,0
112356,74.95,6,65,6.09,0
110944,8.33,7,44,3.78,0
145282,21.41,7,23,0.36,0
16456,25.59,10,57,1.97,0
31367,30.89,2,47,3.19,0
54624,65.97,10,13,1.64,1
141178,16.72,2,16,45.44,0
68008,25.19,10,90,48.48,0
125926,32.65,7,55,55.41,0
115395,38.46,10,95,64.31,0
116492,36.52,7,65,13.54,0
72240,51.21,7,81,15.1,0
64315,77.0,5,16,2.8,0
10756,49.04,1,37,2.95,0
36378,52.12,2,52,29.63,0
135327,6.81,9,10,38.72,1
145556,34.82,8,38,30.72,0
125703,53.49,8,44,35.98,0
56549,68.64,10,95,6.48,0
165575,16.57,1,74,12.55,0
73794,17.13,6,54,12.29,0
45113,18.65,9,98,107.13,0
74069,56.62,8,51,59.59,0
136321,93.12,3,52,18.25,0
150273,22.03,4,70,2.97,0
125541,82.1,3,92,5.98,0
9686,37.47,6,92,9.04,0
53363,29.25,9,59,41.3,0
97543,26.81,8,13,3.74,1
131733,69.87,10,41,4.96,0
95673,45.86,4,12,8.6,1
42828,322.41,2,50,52.32,0
48604,14.12,8,57,14.02,0
10526,55.6,8,50,20.82,0
68910,19.51,6,57,9.8,0
25592,13.88,8,54,4.18,0
28982,32.76,9,66,5.04,0
207,37.99,1,8,32.46,1
88733,612.88,9,63,44.79,1
124982,27.55,2,9,13.59,1
68619,10.7,1,60,8.83,0
160400,43.51,8,63,32.99,0
46479,4.16,8,72,22.36,0
151175,30.21,4,3,0.83,1
170963,33.65,8,73,8.64,0
141826,73.3,7,13,22.92,1
81437,87.67,2,9,17.05,1
98540,20.01,5,95,76.4,0
72982,28.49,10,89,40.22,0
102747,15.39,4,52,1.23,0
48231,10.72,3,62,25.88,0
29301,45.15,1,8,8.2,1
172395,9.27,5,95,22.92,0
18752,21.88,10,45,19.21,0
98452,12.24,8,53,13.99,0
144467,57.38,9,63,38.34,0
121237,200.62,7,95,24.67,0
56273,9.01,1,81,44.06,0
91878,5.19,1,57,6.61,0
4895,29.23,1,54,8.56,0
119968,33.64,2,19,19.45,0
115700,41.21,1,67,67.9,0
76559,21.19,4,46,9.29,0
10699,27.1,10,94,0.66,0
9715,47.82,9,10,11.81,1
19169,93.73,4,93,15.7,0
118413,4.69,4,18,32.29,0
147235,22.9,7,12,26.08,1
119264,41.01,9,49,66.86,0
5782,13.22,7,23,30.53,0
124481,187.01,1,62,7.09,0
35585,17.54,1,11,20.51,1
30682,31.78,4,73,22.31,0
129992,57.74,4,56,124.5,0
84416,18.33,1,88,2.99,0
127810,5.22,6,89,4.25,0
38067,21.57,10,55,3.38,0
18073,92.71,2,25,17.79,0
36035,23.64,5,9,2.91,1
90373,14.2,8,12,21.34,1
83362,83.57,3,11,32.57,1
90517,23.79,9,38,11.34,0
65450,19.88,7,28,16.45,0
10382,38.45,9,8,48.77,1
135509,71.58,1,74,16.86,0
61929,358.42,5,89,4.68,0
98864,75.73,3,47,8.41,0
143401,105.62,4,36,15.09,0
25169,19.97,4,50,3.37,0
87468,11.87,7,9,18.96,1
34594,35.25,10,60,143.8,0
45033,36.86,8,72,21.14,0
63133,11.26,10,67,9.32,0
73861,27.79,5,53,8.06,0
31750,49.37,10,82,53.65,0
40461,47.48,7,99,41.04,0
78222,54.83,3,17,12.79,0
112020,44.3,3,100,8.72,0
24226,19.95,3,53,24.79,0
6721,19.81,4,28,7.55,0
20609,9.98,6,63,2.54,0
130513,197.31,5,15,7.43,0
104211,33.56,8,19,11.39,0
136728,26.45,5,86,5.9,0
124865,13.08,5,70,4.89,0
74520,623.69,10,47,0.12,1
64309,11.32,2,71,19.93,0
29984,21.57,5,48,19.06,0
118947,50.19,7,73,4.17,0
5901,60.35,2,20,57.52,0
162624,86.31,6,37,10.54,0
31055,201.87,7,75,0.52,0
168757,54.94,5,2,4.96,1
145788,11.52,9,64,23.56,0
114099,25.61,4,86,4.5,0
11138,45.05,10,36,1.11,0
166370,261.97,1,5,19.23,1
23429,8.18,8,64,14.61,0
50200,110.23,8,7,28.65,1
101268,39.64,7,70,29.62,0
17347,76.54,8,22,64.35,0
147992,29.9,2,74,1.17,0
31822,14.26,3,46,0.8,0
40108,70.17,9,40,87.16,0
128955,63.72,1,61,20.7,0
7967,87.54,8,46,25.13,0
110719,32.68,8,84,2.03,0
11871,18.18,7,28,1.45,0
164685,6.97,5,87,3.49,0
28179,75.14,4,35,11.14,0
55099,50.6,10,1,2.33,1
35262,12.61,10,29,11.82,0
78213,19.33,10,9,16.49,1
117407,20.76,10,9,0.01,1
149340,7.52,6,22,2.43,0
86269,14.62,1,63,9.41,0
60545,10.66,5,66,1.1,0
39922,21.92,4,80,2.87,0
42913,15.82,4,58,5.27,0
97033,6.51,7,70,11.23,0
104792,250.28,9,55,25.09,1
119863,115.88,8,13,2.85,1
156104,15.2,8,97,26.79,0
168918,43.49,5,19,38.63,0
44936,50.27,6,79,21.08,0
160866,108.97,2,33,0.89,0
28141,14.61,3,74,11.62,0
140146,98.7,5,65,21.58,0
137478,19.15,2,60,76.81,0
97359,8.71,3,12,60.65,1
123279,68.32,4,43,10.07,0
154363,120.39,6,93,19.14,0
41568,440.5,5,17,44.29,0
97539,9.98,10,68,35.56,0
46851,66.61,4,29,13.06,0
54823,21.98,2,55,6.06,0
23312,72.48,5,7,2.95,1
165243,7.61,5,44,13.39,0
98723,9.37,7,77,25.66,0
12411,15.24,1,5,69.98,1
57009,35.84,4,60,39.58,0
146494,17.44,5,6,4.57,1
32371,64.01,8,98,25.44,0
57022,92.47,8,7,6.82,1
71229,60.31,1,46,23.01,0
99071,167.13,5,57,21.92,0
96774,50.19,10,54,6.36,0
26715,9.81,1,92,5.34,0
27605,129.46,1,46,2.19,0
99853,18.08,2,10,1.04,1
31174,82.3,2,4,39.1,1
141028,159.77,9,67,1.02,0
76373,52.28,4,25,1.86,0
69252,7.42,3,87,5.46,0
70017,13.22,1,91,43.72,0
63037,124.31,2,78,8.1,0
89818,27.96,6,61,4.26,0
6548,35.86,9,38,25.14,0
116981,70.73,5,32,7.69,0
154249,66.44,4,23,8.11,0
24022,43.76,5,37,26.86,0
106297,26.88,9,3,5.8,1
136614,24.22,7,99,45.41,0
60428,78.09,8,13,16.48,1
153812,57.6,4,34,15.44,0
59353,25.6,8,88,6.15,0
113132,97.72,6,65,36.05,0
16052,29.11,5,76,17.01,0
100689,14.13,7,8,3.38,1
131743,15.5,6,83,4.62,0
163,12.44,3,9,12.63,1
41424,25.22,5,28,30.25,0
141706,113.72,9,78,56.03,0
135870,14.8,7,91,21.78,0
22420,39.98,4,18,14.11,0
120575,17.17,7,42,5.77,0
29300,25.53,5,41,22.35,0
89881,7.32,2,70,80.62,0
10749,26.56,6,33,12.93,0
104131,27.28,7,89,3.54,0
156193,56.84,8,77,2.18,0
128563,41.4,6,54,6.27,0
37487,9.99,8,87,16.85,0
164433,97.92,7,36,58.68,0
21223,40.87,2,97,7.11,0
72930,40.38,6,85,7.29,0
145128,32.81,9,98,13.12,0
28380,19.73,6,56,50.15,0
26035,41.17,4,100,10.86,0
30620,53.28,7,17,5.05,0
150949,5.77,3,10,3.56,1
117360,19.32,5,87,12.21,0
53352,25.66,1,44,32.26,0
161983,42.78,10,2,6.89,1
163856,109.21,3,99,14.37,0
3191,15.31,8,14,18.48,1
164232,20.13,9,41,11.97,0
90536,19.84,9,2,4.26,1
104576,14.86,10,19,50.96,0
3631,23.4,2,80,16.67,0
137244,71.58,4,89,26.12,0
42080,11.54,5,1,20.21,1
90353,50.8,3,2,124.78,1
151353,6.04,1,27,12.19,0
28671,18.89,6,2,11.07,1
122811,23.82,10,94,8.93,0
127734,176.77,2,51,8.98,0
159674,25.16,9,10,6.45,1
51399,3.66,1,19,78.88,0
154544,4.49,9,80,40.93,0
7099,34.26,7,13,7.62,1
156503,61.18,10,48,7.28,0
56492,48.2,2,56,2.19,0
96722,39.16,6,72,41.92,0
30111,105.88,8,56,9.3,0
63936,19.31,2,50,17.0,0
153686,81.04,5,95,46.13,0
60920,6.48,6,45,10.49,0
63530,13.4,3,89,32.89,0
167296,5.44,2,59,11.25,0
7788,25.16,6,39,24.14,0
28082,31.62,3,21,11.28,0
123287,37.12,2,55,9.98,0
89570,35.23,1,57,93.57,0
101015,13.1,8,41,18.95,0
83588,27.38,1,93,9.16,0
147603,7.41,5,70,5.96,0
88340,129.44,6,82,0.81,0
94439,24.44,3,49,24.52,0
141214,20.31,7,44,9.31,0
115053,162.22,2,35,34.44,0
48355,9.56,7,91,9.05,0
140938,10.74,2,5,9.35,1
125426,11.06,5,71,30.21,0
64027,30.94,7,74,13.45,0
159210,50.99,3,74,43.24,0
92601,69.39,4,51,17.84,0
29956,433.54,1,57,5.51,0
104797,3.49,3,58,16.8,0
124917,60.87,9,92,0.08,0
126303,18.97,10,36,7.49,0
136511,18.42,5,10,4.66,1
42533,17.82,8,50,21.24,0
159342,13.35,2,99,2.92,0
78815,178.49,3,99,6.85,0
39279,76.88,7,37,8.05,0
109787,33.89,10,20,0.07,0
154960,127.87,4,13,0.96,1
148702,7.3,9,75,7.45,0
61063,8.75,7,19,5.03,0
127896,3.75,1,92,2.49,0
166216,16.45,4,56,3.35,0
97661,38.93,10,45,36.1,0
138051,36.7,6,60,23.0,0
157261,38.45,6,68,13.24,0
123257,8.08,10,57,47.91,0
86205,73.93,6,54,0.6,0
6910,42.08,5,37,8.46,0
46857,68.93,3,83,34.68,0
34964,4.99,2,37,19.79,0
156299,45.22,3,14,80.0,1
137050,10.1,9,95,57.83,0
17153,22.26,3,92,3.73,0
59765,56.51,3,100,71.5,0
108212,36.27,1,44,58.2,0
39071,14.13,2,83,9.36,0
112990,33.32,3,42,81.35,0
69519,7.16,2,1,0.73,1
9503,104.61,8,23,21.62,0
95457,26.97,6,64,6.19,0
147977,101.35,7,28,2.77,0
45838,19.56,1,4,17.23,1
125200,19.62,6,41,7.32,0
89489,15.42,2,60,21.98,0
26806,79.53,6,18,15.53,0
153240,16.29,3,63,9.97,0
70119,63.09,7,61,4.01,0
38714,22.59,3,49,18.39,0
55419,4.59,9,47,35.35,0
105432,18.72,3,39,18.33,0
92949,10.18,7,89,18.86,0
133533,34.26,4,82,14.34,0
145363,10.07,8,6,9.83,1
76971,83.59,2,83,12.23,0
93471,30.23,8,53,91.21,0
64946,27.73,9,76,27.7,0
98989,63.81,8,25,11.26,0
84080,86.83,6,99,12.22,0
77794,32.46,10,65,13.85,0
30841,15.31,1,5,21.54,1
124447,5.62,7,65,12.55,0
120029,16.68,1,8,23.18,1
76272,17.86,7,39,7.99,0
37643,36.86,2,43,10.57,0
43950,23.45,8,82,39.91,0
100500,65.89,2,73,7.98,0
159116,17.94,3,5,66.73,1
125588,31.28,3,4,3.79,1
15997,108.2,1,93,5.53,0
79751,46.61,5,1,12.46,1
98605,31.19,5,94,31.93,0
154983,18.14,10,56,26.3,0
55533,17.58,5,45,3.83,0
82566,14.15,9,65,5.4,0
145643,19.28,6,3,17.13,1
108255,70.5,6,22,7.0,0
58005,26.53,3,72,10.97,0
43541,8.59,5,56,13.33,0
23387,194.06,10,18,18.04,0
93980,45.6,7,25,5.78,0
85457,8.11,3,48,3.56,0
144129,21.29,2,84,10.17,0
64028,37.0,5,31,1.71,0
119246,182.11,3,30,14.96,0
55731,10.93,5,80,36.6,0
155930,87.89,9,66,2.53,0
44638,134.22,10,81,2.39,0
20567,17.66,1,10,1.67,1
160811,25.09,4,71,37.66,0
57804,11.75,10,59,1.68,0
108821,27.02,5,51,82.04,0
3754,31.93,2,9,8.87,1
27044,64.05,2,54,7.97,0
67260,98.51,1,62,1.92,0
66912,15.67,8,81,17.62,0
8706,4.63,2,9,17.63,1
8894,32.42,3,9,13.62,1
149109,44.41,2,24,7.45,0
83986,42.5,4,39,9.2,0
81942,23.89,1,75,7.73,0
29725,37.52,3,8,11.11,1
136998,150.72,5,25,8.36,0
104555,48.51,10,66,22.51,0
9496,22.8,1,10,7.01,1
56447,20.08,4,24,8.64,0
101604,27.94,6,80,11.43,0
160878,170.16,4,83,0.08,0
88199,27.57,7,59,13.55,0
41321,32.47,7,31,5.91,0
153728,20.44,6,11,1.16,1
55147,99.38,9,6,48.39,1
91396,235.06,2,70,7.78,0
38787,51.97,10,32,11.11,0
21727,35.97,8,39,35.13,0
95081,34.36,8,48,3.65,0
122721,3.05,10,13,37.98,1
68056,69.77,4,59,5.53,0
134153,37.87,6,67,17.79,0
165268,50.82,6,56,23.15,0
167807,16.26,5,41,47.08,0
80102,22.55,1,56,18.71,0
156570,21.95,3,35,12.07,0
76865,91.98,7,38,16.99,0
162728,22.67,8,81,4.52,0
67695,265.78,2,67,23.36,0
168972,50.95,3,34,4.14,0
117235,9.25,4,76,16.29,0
108777,29.12,5,88,20.86,0
19033,17.26,3,70,45.77,0
141877,3.69,5,11,11.96,1
166923,163.94,8,27,29.86,0
26832,66.9,8,48,3.67,0
115725,56.44,2,24,3.4,0
145016,39.07,6,18,14.88,0
19873,8.31,4,27,18.14,0
40372,20.42,9,54,20.01,0
89464,76.84,10,55,27.38,0
146451,11.57,2,21,6.99,0
117322,2.63,8,59,19.49,0
167823,26.39,1,34,4.17,0
100082,28.74,6,97,4.94,0
5110,37.92,10,58,1.39,0
12087,68.62,1,48,27.49,0
154834,62.65,2,54,14.14,0
82617,42.9,3,18,5.44,0
100483,109.46,9,3,16.25,1
9596,7.25,5,24,8.75,0
107539,54.85,10,1,36.31,1
18313,61.96,10,6,15.02,1
113175,9.59,2,19,0.61,0
114914,7.37,10,86,84.12,0
23705,15.71,5,43,1.54,0
73445,17.09,5,8,23.81,1
103892,70.35,1,69,11.5,0
2023,17.91,3,52,5.74,0
119654,14.06,5,73,22.57,0
80073,17.96,9,47,2.69,0
92197,101.36,10,85,39.07,0
64429,33.55,1,28,5.77,0
104195,27.68,8,46,8.97,0
33848,29.67,1,4,20.03,1
168876,120.55,9,88,0.02,0
146451,15.66,6,8,12.8,1
27766,123.41,1,61,44.93,0
68099,40.87,8,17,22.81,0
167132,28.21,5,34,9.82,0
69122,403.79,7,20,21.6,0
147159,11.52,7,80,55.16,0
48868,23.25,7,74,4.16,0
119119,9.66,6,34,15.18,0
154297,85.84,8,43,5.35,0
95286,179.32,9,10,38.51,1
6643,175.9,2,94,25.53,0
36727,112.61,7,30,32.3,0
142077,27.18,2,25,57.3,0
109079,22.98,6,57,5.29,0
65697,6.23,2,63,1.0,0
16029,253.63,10,71,6.88,1
145298,52.93,6,47,10.19,0
159803,20.25,2,84,19.63,0
109458,124.97,1,81,31.96,0
110384,12.52,7,3,8.61,1
68926,49.73,3,46,12.83,0
137069,27.86,4,36,30.79,0
55506,62.72,6,26,5.11,0
78229,31.08,5,10,4.9,1
42092,7.76,4,34,17.79,0
62539,35.72,9,78,11.46,0
152889,94.52,6,8,59.48,1
168933,32.16,6,55,8.83,0
13428,71.89,2,91,28.51,0
141330,11.64,6,10,17.5,1
57775,32.26,7,57,1.12,0
5469,17.73,8,79,1.76,0
28854,69.89,8,86,4.54,0
137328,34.17,9,45,3.09,0
76256,66.03,10,50,7.99,0
165009,98.27,3,64,17.3,0
99134,66.13,10,95,18.44,0
132723,43.52,7,2,17.72,1
84730,12.2,7,45,2.5,0
156123,33.02,1,95,18.34,0
27386,19.43,8,62,10.54,0
147256,23.48,4,14,46.67,1
33787,22.77,5,74,48.6,0
21621,12.43,6,94,29.24,0
77984,4.68,3,100,24.29,0
34051,16.98,5,15,2.44,0
49811,40.18,10,14,1.77,1
30447,8.6,5,31,36.76,0
128046,33.64,1,29,11.14,0
161326,221.47,3,27,12.01,0
84045,92.12,3,85,37.65,0
116859,171.32,1,9,19.43,1
145544,48.97,7,20,3.95,0
3471,106.43,1,99,4.74,0
120312,16.06,7,58,0.13,0
139401,17.39,4,79,24.8,0
165937,2.14,9,88,13.3,0
46850,108.43,7,49,59.9,0
54220,154.52,5,57,25.04,0
93808,19.05,7,16,2.18,0
137469,25.69,9,100,3.52,0
166597,15.58,10,75,13.93,0
53072,48.55,6,8,51.77,1
83820,102.0,1,67,5.68,0
23284,5.8,6,19,34.93,0
83369,49.87,1,67,7.49,0
25122,25.11,4,36,6.29,0
130349,37.09,8,89,46.33,0
70553,52.4,5,60,0.97,0
94788,27.43,5,36,21.62,0
62812,29.86,10,11,0.88,1
7999,26.74,8,51,32.27,0
22436,87.38,8,80,35.37,0
42963,50.34,1,55,44.77,0
133168,41.29,5,54,4.12,0
156351,9.29,5,17,2.66,0
108899,22.68,8,62,14.0,0
26201,81.34,1,42,6.34,0
150787,34.39,7,24,18.64,0
160381,64.04,7,17,14.42,0
146150,193.74,9,48,3.13,0
5105,93.56,2,84,26.89,0
117666,36.35,3,86,32.57,0
94848,19.87,4,70,65.96,0
2839,2.58,1,7,10.07,1
68920,27.98,7,14,8.24,1
43619,23.9,10,11,4.27,1
42821,48.93,3,12,3.99,1
125736,28.39,3,5,7.74,1
144565,24.04,3,5,80.15,1
17069,5.59,8,20,1.94,0
7531,12.94,9,54,6.0,0
168123,53.34,10,55,1.8,0
138808,184.18,2,58,6.39,0
138782,30.04,10,79,1.94,0
67155,45.96,10,90,14.2,0
145047,85.84,1,97,11.54,0
62424,14.72,9,30,3.82,0
45603,47.79,6,24,3.84,0
154324,15.79,9,87,19.68,0
132503,78.64,6,73,9.79,0
168553,38.53,2,3,1.16,1
92573,44.63,1,100,50.56,0
140629,15.14,8,48,10.38,0
103302,67.16,3,71,17.88,0
131234,266.32,1,22,43.33,0
165814,12.09,8,14,10.29,1
19675,23.58,1,48,34.37,0
73997,41.75,8,29,49.24,0
148087,72.7,1,50,3.82,0
163663,18.92,9,80,44.6,0
140905,1.95,9,98,2.55,0
7896,128.92,9,10,6.44,1
164044,70.85,3,71,33.03,0
49733,5.8,4,89,46.19,0
41800,18.04,5,27,23.05,0
96044,158.89,6,79,2.21,0
5347,140.86,9,96,14.8,0
133715,84.66,4,28,17.0,0
40785,27.77,6,9,6.62,1
18681,35.98,1,71,94.88,0
103864,29.05,2,80,8.18,0
146964,102.33,8,26,4.72,0
47299,13.79,4,99,2.33,0
17073,14.79,10,81,9.51,0
102304,90.95,7,87,23.59,0
30682,31.68,4,8,5.26,1
124302,131.43,9,2,29.35,1
145361,16.92,9,95,2.91,0
115359,31.35,4,57,11.61,0
138999,13.17,8,52,24.24,0
66707,33.36,6,58,2.91,0
65428,7.55,1,96,18.22,0
50601,20.34,7,93,32.08,0
133611,7.88,1,3,18.1,1
111487,66.28,3,8,14.33,1
153741,67.8,8,59,36.44,0
151716,5.87,9,2,84.56,1
149817,125.7,3,95,4.0,0
28228,402.39,1,62,23.51,0
165593,34.67,1,49,1.68,0
122788,17.44,7,20,0.88,0
97239,557.98,5,29,6.59,0
26928,8.86,1,17,70.75,0
18322,33.79,6,74,16.07,0
87896,39.63,6,22,6.25,0
62292,127.12,4,6,2.84,1
29055,47.45,7,62,50.56,0
42891,20.11,7,98,9.0,0
81912,12.79,9,31,7.33,0
137660,23.53,1,62,39.03,0
90536,12.1,5,12,18.55,1
6304,34.74,10,12,3.69,1
7345,18.84,3,63,10.95,0
160372,7.43,7,16,52.69,0
155331,116.18,4,25,46.29,0
91006,20.13,4,22,1.45,0
146424,9.32,1,91,6.26,0
129350,27.99,1,88,3.36,0
164437,35.46,10,76,15.26,0
19446,5.77,2,18,27.72,0
2336,46.14,2,45,7.01,0
62032,11.62,1,80,28.38,0
97852,183.28,8,68,22.1,0
138593,55.92,6,12,26.06,1
154553,22.2,6,49,59.22,0
18474,15.72,10,33,11.05,0
55718,29.82,10,86,8.39,0
44629,61.12,9,63,23.03,0
45232,32.28,5,18,32.96,0
86544,26.65,4,54,4.25,0
50669,35.11,6,97,37.52,0
69184,18.1,8,27,1.19,0
13140,23.5,1,83,0.13,0
126468,4.11,7,78,3.45,0
83457,87.68,8,25,76.95,0
14357,44.65,9,34,14.83,0
111672,15.28,8,88,0.95,0
68673,221.13,7,60,117.39,0
121673,36.13,3,54,27.32,0
65633,11.75,2,87,36.4,0
96111,78.0,3,5,4.79,1
78258,49.31,4,36,2.23,0
143996,49.14,4,54,14.48,0
69286,21.63,6,88,29.58,0
93269,51.96,7,36,20.31,0
74071,25.49,4,69,19.94,0
30651,57.74,10,39,28.3,0
70202,4.93,6,70,5.15,0
48777,21.46,9,100,21.67,0
148066,185.33,6,4,9.96,1
67263,15.38,3,74,1.45,0
100158,18.1,1,65,4.52,0
10800,21.16,10,85,31.6,0
37823,9.83,10,40,45.25,0
63878,3.64,5,37,6.65,0
18708,26.3,10,67,4.22,0
143891,37.93,10,31,0.54,0
63870,31.42,3,91,59.01,0
9283,28.65,8,81,23.03,0
161645,34.57,10,87,62.95,0
78707,92.1,1,77,39.88,0
162005,27.37,2,47,8.32,0
5774,18.65,3,27,2.39,0
142055,25.0,3,51,13.83,0
96468,59.11,8,20,0.54,0
96334,135.91,5,13,3.25,1
18133,17.67,8,63,5.32,0
146011,36.56,6,44,21.91,0
781,46.45,2,24,14.26,0
114586,12.27,4,3,7.2,1
27624,33.8,9,10,16.64,1
6823,7.65,4,65,2.68,0
18489,5.65,5,49,28.19,0
171033,47.79,5,58,24.9,0
29118,22.56,10,77,4.88,0
100417,40.54,8,78,18.65,0
81816,32.53,6,97,14.0,0
153335,12.47,10,2,1.25,1
13565,31.65,7,66,6.52,0
151426,9.65,6,31,151.34,0
91179,133.08,5,68,2.1,0
23648,8.53,5,98,14.12,0
41971,27.23,3,83,37.85,0
18658,11.68,7,37,7.15,0
21253,58.58,10,73,6.04,0
157462,23.77,5,24,44.29,0
88664,19.71,7,77,7.27,0
103850,77.73,2,44,21.08,0
163730,34.1,9,94,26.97,0
137924,55.51,8,83,31.08,0
133623,12.41,5,41,105.03,0
71947,8.13,2,74,32.51,0
61001,36.86,6,51,21.4,0
122775,24.07,8,42,45.16,0
33243,61.96,7,78,47.23,0
152872,30.57,8,40,72.36,0
75939,40.65,4,48,29.96,0
57828,6.53,3,84,4.34,0
138311,218.86,7,4,24.74,1
6710,28.1,2,60,1.56,0
152456,66.53,5,39,7.65,0
152110,14.35,7,5,2.46,1
171918,45.06,1,96,59.89,0
37991,9.0,4,6,8.27,1
138043,52.04,2,14,24.98,1
160211,23.2,6,70,16.94,0
85445,34.1,1,78,2.27,0
80257,66.55,7,12,16.48,1
37711,9.65,3,62,21.64,0
6530,16.7,1,27,42.66,0
11116,52.32,8,54,1.45,0
65794,269.95,7,90,7.01,0
131354,28.84,2,12,23.58,1
132970,59.81,7,8,0.7,1
4135,29.76,3,74,4.55,0
137701,230.96,9,16,4.94,1
109472,5.77,8,52,22.13,0
125147,36.4,5,26,6.74,0
89087,6.52,7,8,18.31,1
33380,2.7,3,45,67.25,0
129951,44.59,1,93,31.52,0
17071,38.07,1,84,8.1,0
20074,24.91,2,81,12.79,0
67843,29.78,8,19,4.48,0
39901,733.85,1,17,0.32,0
11205,25.58,5,65,6.84,0
124661,55.15,9,29,9.22,0
5906,17.3,9,14,16.62,1
133663,44.49,2,17,57.67,0
125576,26.1,7,13,59.07,1
62987,21.97,1,93,1.45,0
80685,204.16,3,98,19.07,0
110454,107.47,6,91,0.87,0
105487,37.97,9,63,20.89,0
54400,3.31,10,33,2.5,0
156222,23.08,2,29,58.53,0
31852,494.24,7,37,39.95,0
52756,26.29,4,83,0.45,0
115357,99.8,2,46,30.48,0
119052,140.04,3,24,20.21,0
56481,41.22,6,14,13.68,1
1283,14.27,10,5,18.46,1
33691,2.9,9,53,22.68,0
132197,65.64,8,88,43.16,0
26170,14.66,10,98,29.17,0
8438,39.49,9,95,17.13,0
20095,9.49,4,30,34.82,0
147226,25.4,4,60,86.74,0
139076,34.25,9,73,7.14,0
9752,43.32,8,91,2.52,0
55426,10.86,2,28,26.29,0
26819,109.61,8,26,76.88,0
92051,18.23,1,18,2.48,0
155289,6.21,9,36,11.3,0
32994,29.69,9,8,1.29,1
146108,34.27,8,18,29.97,0
97756,38.88,5,84,59.4,0
140659,129.3,5,58,13.82,0
95665,26.14,3,32,10.54,0
131717,29.38,5,93,47.66,0
162002,10.99,4,49,2.86,0
81835,75.23,1,48,44.44,0
122232,39.82,9,82,9.96,0
161162,21.76,10,71,16.39,0
157547,4.93,4,65,15.03,0
149960,140.39,3,92,19.14,0
43732,9.7,6,33,56.99,0
46305,18.33,1,50,60.37,0
9346,47.39,5,4,35.57,1
587,10.01,7,84,4.25,0
12763,7.44,2,36,8.11,0
69615,3.96,10,95,13.38,0
167188,68.1,9,28,47.17,0
120987,19.2,6,3,14.72,1
91353,618.48,2,6,75.83,1
95648,12.25,8,45,82.51,0
25556,13.18,8,23,18.26,0
59042,18.81,1,7,41.99,1
18099,42.23,1,61,143.19,0
109089,20.69,1,100,37.9,0
144302,61.09,4,65,21.4,0
160081,12.45,4,6,37.3,1
33866,8.32,8,24,1.73,0
105400,5.48,1,37,20.15,0
84246,3.58,10,45,4.88,0
76975,19.73,3,51,2.47,0
81557,24.51,1,100,44.67,0
137488,17.61,9,88,20.41,0
72516,114.82,10,45,5.58,0
149130,113.07,9,63,9.78,0
171790,23.69,7,29,72.44,0
32602,5.51,8,96,39.64,0
158588,18.79,1,25,0.31,0
129295,18.18,5,10,78.04,1
87969,17.16,2,35,9.19,0
132161,16.48,1,55,23.78,0
168418,17.23,3,25,24.94,0
141559,22.5,7,91,48.54,0
155,17.54,1,45,43.27,0
123950,40.79,2,96,6.62,0
67494,47.48,2,12,20.63,1
76229,13.32,4,4,10.01,1
104648,118.04,3,90,14.91,0
38547,12.43,3,67,16.18,0
28795,6.57,10,17,10.09,0
21447,48.46,5,73,12.47,0
167670,14.62,3,93,4.67,0
87960,45.66,7,65,18.71,0
63278,2.99,5,82,28.46,0
55077,133.28,4,53,11.23,0
112782,64.86,3,84,76.05,0
102932,7.39,4,57,1.18,0
140600,7.55,2,98,17.79,0
109869,176.31,1,28,17.52,0
139251,15.84,3,99,0.74,0
48781,14.38,2,16,5.09,0
155024,3.43,1,21,47.19,0
53798,23.32,1,77,15.73,0
98696,26.37,2,99,11.47,0
50939,67.73,9,42,10.74,0
29516,8.17,5,54,43.81,0
141521,7.24,9,32,9.15,0
50290,51.99,8,38,39.2,0
126688,90.62,6,70,7.4,0
86661,6.88,1,38,15.16,0
72954,97.66,10,54,3.11,0
22746,34.38,5,60,34.86,0
67990,98.67,1,77,26.63,0
58810,30.87,7,77,15.1,0
118362,2.66,10,47,0.52,0
146295,28.45,8,12,13.13,1
133669,95.6,8,53,5.1,0
2659,13.55,7,33,10.67,0
86516,22.47,2,28,38.82,0
74567,27.77,5,3,29.36,1
15037,1.82,4,82,5.54,0
126498,176.15,5,26,83.93,0
12109,13.45,10,54,46.7,0
22010,54.91,9,40,15.04,0
8787,30.37,4,66,15.11,0
139544,116.47,8,68,46.31,0
154455,49.7,8,92,20.22,0
61709,26.18,2,92,15.39,0
34518,13.55,6,89,27.66,0
53909,73.54,5,90,5.36,0
18351,5.09,2,47,42.14,0
15282,63.17,10,2,15.16,1
152850,11.03,4,42,18.5,0
155336,115.85,7,34,1.88,0
5075,38.91,1,94,7.41,0
28365,63.06,9,21,11.13,0
11002,35.94,10,44,10.69,0
13947,5.74,1,87,30.13,0
94840,14.0,5,97,6.63,0
116219,64.87,7,2,4.02,1
78610,39.12,8,91,17.48,0
52142,107.88,2,59,19.09,0
56307,49.56,4,86,2.59,0
135565,12.59,2,98,0.05,0
50085,14.94,4,16,49.94,0
34228,36.71,6,20,1.66,0
162727,3.27,6,26,45.63,0
43472,176.52,2,16,10.19,0
49437,51.51,4,70,21.17,0
59711,112.96,4,23,4.11,0
137888,6.82,1,42,34.74,0
77175,114.96,2,37,3.97,0
64307,308.43,3,72,9.77,0
46733,8.84,5,6,5.44,1
128202,71.62,8,37,36.34,0
95028,33.15,6,22,39.09,0
142312,7.07,3,6,9.31,1
92493,54.21,6,32,7.35,0
125149,76.22,7,17,29.71,0
163834,18.15,6,38,42.16,0
8259,106.26,10,17,19.56,0
128775,6.25,6,37,52.46,0
14849,7.43,1,23,9.66,0
81768,37.96,3,49,3.29,0
106108,33.97,7,61,3.96,0
89709,16.17,4,49,22.16,0
54869,74.41,4,61,10.47,0
126888,56.31,7,77,3.4,0
63095,78.11,9,32,6.91,0
117886,29.28,2,86,15.13,0
70910,60.5,9,63,2.59,0
23567,21.21,3,7,0.07,1
35292,258.22,6,22,49.85,0
74813,14.69,4,85,7.27,0
97136,271.86,1,6,5.01,1
51631,34.29,9,61,23.98,0
9885,8.37,6,14,38.4,1
66314,130.07,8,16,20.01,0
65087,37.56,2,3,5.87,1
160237,77.57,7,9,39.56,1
95998,112.6,6,47,14.28,0
49812,46.43,2,85,9.6,0
58643,18.32,2,94,18.56,0
44900,87.86,4,94,24.12,0
138923,33.14,4,42,18.02,0
16288,65.75,3,42,50.58,0
72692,3.84,8,96,19.78,0
138440,51.78,7,23,42.17,0
85436,17.49,2,3,17.68,1
46403,173.0,3,1,8.0,1
91170,61.75,10,67,15.2,0
9168,42.09,9,71,1.81,0
49879,53.86,5,3,5.23,1
59871,12.2,2,100,29.07,0
32174,167.88,3,49,21.66,0
137653,242.59,8,67,3.64,1
110155,49.05,4,55,11.53,0
71853,162.46,2,4,3.06,1
64046,18.74,2,31,38.73,0
49678,14.92,6,66,2.31,0
26649,34.5,8,78,21.24,0
127795,51.16,7,64,18.68,0
88668,22.33,4,31,12.8,0
145639,56.7,2,63,6.52,0
89906,44.99,9,66,10.35,0
96019,12.2,4,31,32.84,0
78002,55.63,9,47,28.67,0
28803,78.53,5,22,26.85,0
149302,39.31,7,74,27.71,0
148934,104.86,5,94,3.11,0
162331,9.8,2,97,2.09,0
30795,52.88,6,83,39.54,0
8770,10.28,7,46,36.3,0
11093,10.87,6,89,22.87,0
131265,17.62,3,58,18.62,0
100311,12.91,10,61,9.14,0
17569,19.14,8,46,5.07,0
11190,26.73,3,1,22.03,1
62824,76.49,5,96,48.84,0
163399,24.02,9,25,11.49,0
42070,6.78,5,61,7.23,0
40197,103.55,7,81,6.31,0
2261,14.34,7,14,0.48,1
157584,31.23,5,45,14.69,0
137788,51.76,2,77,88.85,0
86795,40.43,5,39,33.77,0
28933,98.91,7,66,45.55,0
135450,53.46,7,32,19.41,0
40583,13.99,4,96,13.13,0
112082,292.53,1,58,93.04,0
85371,40.22,6,56,11.85,0
160105,28.58,3,6,49.74,1
155072,86.83,5,89,28.7,0
111032,42.5,4,67,8.04,0
42604,49.36,2,82,13.99,0
95074,400.29,7,50,9.7,0
73869,25.15,5,38,2.93,0
5410,24.1,7,3,8.82,1
83375,37.21,9,5,43.96,1
96055,96.69,4,24,27.94,0
137868,7.34,5,54,6.5,0
86716,4.64,9,34,9.17,0
54245,18.41,10,39,19.16,0
43056,6.46,4,88,10.76,0
148781,21.65,5,100,13.99,0
58557,54.73,5,92,23.96,0
17543,13.59,8,48,12.59,0
168490,7.95,4,49,4.24,0
96038,35.49,4,34,14.7,0
147796,78.46,7,80,8.8,0
3828,6.08,5,100,6.87,0
116656,75.21,6,7,7.95,1
17087,74.99,6,18,11.56,0
143677,85.98,6,70,43.54,0
31337,112.0,10,92,26.49,0
136554,299.47,5,34,22.05,0
65333,23.19,5,51,12.75,0
136535,36.95,9,93,0.04,0
70448,21.84,8,68,8.33,0
4648,33.18,4,14,33.55,1
130576,153.37,7,69,9.83,0
33623,8.63,8,89,16.59,0
35634,14.0,9,8,4.58,1
114598,131.26,5,15,49.5,0
49334,91.84,3,83,51.32,0
68648,23.03,4,59,3.16,0
22054,77.82,10,11,25.76,1
70028,46.58,6,20,1.56,0
22207,148.45,10,55,18.25,0
81554,35.68,5,36,3.94,0
152458,92.35,9,82,3.15,0
83276,464.99,3,14,0.08,1
52781,60.23,2,58,56.56,0
61035,34.79,6,38,35.35,0
8210,68.2,7,89,1.61,0
44363,22.98,5,80,18.29,0
78279,360.67,1,82,5.3,0
153504,39.65,3,1,6.13,1
134393,25.21,3,65,41.46,0
81348,14.36,4,1,2.43,1
168455,99.21,10,85,18.4,0
113816,78.82,6,60,10.26,0
123053,20.14,5,25,4.23,0
166892,58.94,1,91,12.03,0
66262,7.33,6,10,56.43,1
134832,39.84,9,50,30.43,0
153262,52.08,1,12,2.83,1
67411,182.61,8,92,37.87,0
23377,15.32,8,32,55.43,0
38211,9.22,3,33,6.49,0
3744,13.53,9,72,8.11,0
24995,8.7,8,26,2.7,0
148049,126.05,3,42,8.46,0
34542,155.81,10,50,22.36,0
10651,45.61,5,61,6.35,0
99239,112.31,3,41,0.14,0
78931,37.86,5,57,8.27,0
102112,30.11,9,2,12.07,1
16715,23.74,4,99,16.71,0
155378,24.28,6,98,23.03,0
150158,7.04,3,70,1.28,0
145448,43.13,3,31,12.69,0
61350,31.81,5,23,6.19,0
71425,69.78,8,76,59.12,0
167708,36.36,8,54,8.92,0
86120,28.14,3,28,2.11,0
114889,13.86,8,79,0.85,0
165682,35.59,8,19,6.17,0
141130,69.29,3,76,3.94,0
74637,10.56,10,48,20.98,0
70194,36.14,10,2,37.54,1
76917,41.81,2,11,7.5,1
64200,16.15,10,44,17.25,0
105848,18.4,2,59,26.21,0
106022,41.7,9,59,10.17,0
148226,10.66,7,38,1.37,0
150611,46.99,6,25,5.21,0
60058,13.53,7,21,42.92,0
62068,95.86,8,42,34.8,0
99932,343.03,1,36,1.81,0
161445,14.0,8,9,5.07,1
164226,56.5,3,12,29.32,1
137103,16.01,3,10,13.31,1
22785,93.78,6,59,28.54,0
159741,9.34,4,5,4.74,1
94475,53.55,4,33,61.02,0
2282,13.83,4,69,30.61,0
165696,26.92,10,80,4.4,0
67534,11.81,9,63,16.35,0
162777,75.37,8,29,2.4,0
169316,14.34,3,18,8.97,0
74964,57.51,1,93,21.55,0
168509,23.47,1,6,8.01,1
119006,29.53,1,53,21.39,0
50583,38.39,4,82,5.61,0
38392,15.46,6,32,25.55,0
7461,40.87,4,42,8.91,0
100123,152.98,3,47,31.26,0
10516,15.21,8,31,2.94,0
148586,106.89,8,62,8.99,0
121251,148.13,6,56,12.47,0
167340,14.64,9,11,11.03,1
167860,7.73,10,26,11.35,0
62493,44.79,1,92,11.77,0
36027,19.16,8,27,89.84,0
93547,214.56,6,83,4.29,0
100127,34.29,1,57,29.28,0
148930,14.85,4,27,16.05,0
79003,10.52,5,59,10.68,0
39758,98.49,7,62,20.08,0
54312,18.71,8,20,38.42,0
68670,34.6,9,3,12.57,1
82279,86.13,6,16,40.02,0
15434,20.4,10,44,1.97,0
75769,31.63,9,93,21.17,0
66677,32.57,4,79,8.1,0
83555,65.58,8,30,9.78,0
128379,59.78,3,40,16.93,0
101665,26.57,4,65,13.08,0
171675,35.29,10,29,9.62,0
68803,22.83,4,30,7.37,0
170404,7.56,6,32,19.26,0
91703,42.85,9,10,14.09,1
21312,219.68,6,91,7.81,0
117961,13.68,1,51,4.59,0
40379,15.29,5,8,29.79,1
17297,13.86,9,51,32.16,0
2011,68.35,5,36,4.81,0
120234,51.86,6,55,6.07,0
44014,28.26,3,35,5.47,0
142810,13.22,8,36,43.18,0
94333,36.32,10,56,29.76,0
11120,6.93,4,36,1.55,0
139839,38.22,4,89,35.76,0
22852,79.16,5,84,0.75,0
79239,9.48,10,61,5.84,0
132001,7.15,9,62,50.26,0
91575,160.68,8,81,39.95,0
95040,17.96,7,87,30.41,0
148510,103.13,5,25,12.23,0
5744,28.39,9,64,7.75,0
138141,28.16,9,60,42.66,0
42359,51.34,10,57,21.4,0
150871,13.68,10,95,7.01,0
98746,37.81,2,70,12.44,0
120906,22.61,4,99,42.66,0
7597,8.84,8,52,46.76,0
47093,46.41,1,56,21.54,0
168298,25.45,5,63,26.38,0
114650,28.3,8,68,0.8,0
157489,9.87,2,20,18.56,0
149765,162.62,2,54,23.36,0
120956,79.58,8,1,0.41,1
115598,86.85,10,90,37.14,0
133241,24.4,9,98,52.7,0
153124,5.88,7,10,5.43,1
8036,233.44,8,23,37.39,1
31778,31.15,5,51,21.9,0
158806,15.66,1,24,17.38,0
154245,50.24,4,13,37.05,1
161475,106.39,2,29,6.73,0
137416,32.36,3,58,31.29,0
18800,118.93,3,91,7.55,0
25372,97.81,9,95,30.97,0
61516,11.29,10,43,12.0,0
20538,16.88,4,10,2.49,1
63918,86.27,2,31,9.61,0
146045,2.2,3,74,5.32,0
71155,28.52,3,88,2.12,0
59500,7.92,7,97,2.34,0
167647,20.56,8,14,30.29,1
110659,24.56,6,99,42.64,0
27716,23.14,4,34,52.38,0
134308,19.06,6,17,38.48,0
146920,11.05,1,21,35.47,0
2352,327.64,10,96,1.43,1
133004,214.32,8,67,31.22,1
76449,10.36,1,58,30.58,0
8556,161.11,5,79,2.81,0
86836,22.21,2,8,21.69,1
136570,37.68,6,96,12.05,0
50098,31.09,9,38,46.05,0
112169,17.12,5,26,23.78,0
140641,88.58,4,64,60.31,0
126060,37.56,2,30,2.22,0
130544,20.56,3,9,0.83,1
340,8.98,6,32,72.67,0
82302,13.55,8,11,1.67,1
138,6.41,8,86,9.76,0
131430,33.52,5,34,20.99,0
119619,10.01,5,18,42.41,0
85376,25.39,10,19,5.88,0
99931,130.33,3,54,0.59,0
161726,109.87,7,82,14.73,0
156951,32.06,6,37,12.74,0
81532,30.35,1,82,7.33,0
55778,217.0,4,12,41.41,1
37772,55.74,6,4,27.67,1
58478,23.86,6,43,39.05,0
26762,7.96,3,27,3.53,0
144355,49.1,6,51,23.58,0
170492,75.89,10,5,73.86,1
55568,17.61,6,6,18.93,1
85090,44.31,9,77,3.76,0
20219,23.02,9,87,109.36,0
57169,27.55,2,56,15.03,0
74965,2.75,4,89,36.66,0
84754,26.53,9,68,3.24,0
77988,87.3,4,96,21.94,0
150023,17.61,8,44,48.75,0
132379,34.9,10,15,15.19,0
80388,15.55,3,90,6.81,0
90768,47.49,3,42,2.73,0
35428,26.67,9,11,7.02,1
92021,12.95,10,73,8.77,0
118418,125.53,8,11,24.75,1
170047,83.84,1,66,3.94,0
132212,18.09,10,27,2.24,0
155914,54.48,2,58,9.79,0
26421,56.68,3,90,12.27,0
1708,62.95,2,72,19.8,0
134702,6.08,3,21,24.59,0
150667,90.61,8,21,44.01,0
76021,18.73,6,72,6.82,0
159380,23.15,7,1,15.04,1
44789,463.07,10,58,9.12,1
26086,44.79,10,13,0.03,1
16859,22.5,6,73,17.32,0
7684,3.65,1,92,33.83,0
91088,132.92,3,6,0.74,1
132279,8.63,1,87,0.07,0
46099,12.14,10,100,26.03,0
66093,23.78,9,58,23.03,0
160761,136.51,9,17,10.41,0
48651,71.75,5,73,21.67,0
13893,28.28,4,12,61.32,1
66418,45.07,9,86,5.7,0
125074,18.17,9,52,5.65,0
103065,38.08,3,76,4.12,0
130351,35.64,5,70,25.75,0
38635,87.25,3,73,8.71,0
95071,87.11,10,52,89.65,0
78518,54.27,2,37,25.08,0
106233,23.05,1,3,9.16,1
103651,69.53,10,98,3.23,0
72805,30.21,2,8,17.93,1
159136,11.22,8,10,6.99,1
122813,22.13,8,47,47.19,0
79063,36.04,3,41,11.65,0
2454,82.29,7,64,6.92,0
20878,27.56,7,42,17.76,0
144063,9.88,2,43,2.95,0
68344,35.05,9,9,16.49,1
104946,37.09,3,14,1.15,1
36593,39.88,2,91,18.67,0
36304,83.09,3,96,15.11,0
161458,91.74,2,4,14.71,1
113613,18.28,8,2,23.05,1
152155,17.88,5,97,0.91,0
18354,11.7,3,85,12.31,0
22190,66.61,5,1,11.74,1
6142,141.01,8,75,12.32,0
159470,24.17,7,65,78.13,0
41862,26.01,6,46,3.0,0
150575,143.56,1,59,23.45,0
125438,54.9,10,75,10.28,0
48456,51.23,1,7,14.34,1
100167,10.07,1,66,28.74,0
82035,65.28,10,15,3.42,0
8016,13.08,8,72,28.84,0
2384,10.65,8,47,1.46,0
146144,23.41,7,90,13.21,0
102239,18.43,6,40,27.1,0
111431,26.53,4,42,4.28,0
80018,7.84,1,51,29.47,0
40510,86.39,9,35,3.65,0
21826,102.28,1,41,32.11,0
68026,4.72,4,85,12.66,0
121668,88.1,3,57,23.08,0
156590,14.72,7,38,49.88,0
24045,78.02,5,72,10.5,0
90102,30.92,5,96,5.3,0
51919,34.08,4,8,40.37,1
99441,27.52,1,74,3.53,0
158175,111.29,5,63,19.96,0
167260,9.59,4,87,51.34,0
136917,60.82,10,4,22.44,1
167746,99.62,8,48,4.36,0
118325,67.78,2,52,3.3,0
19337,338.56,8,38,5.82,1
153385,19.51,1,94,9.93,0
158015,86.25,4,87,3.47,0
77949,29.78,3,5,31.97,1
276,113.68,5,85,8.83,0
51151,32.86,5,70,55.0,0
148683,22.47,5,81,36.97,0
143016,122.25,4,89,47.9,0
52887,20.26,8,24,6.98,0
81442,8.06,3,86,17.05,0
49847,19.75,4,77,7.76,0
58653,61.5,1,17,5.94,0
56622,133.22,7,78,18.68,0
27810,37.01,1,98,34.07,0
77842,123.74,2,90,1.97,0
122225,8.51,7,83,6.45,0
10503,21.26,1,26,4.59,0
84761,24.81,3,3,32.02,1
168048,29.53,6,2,54.17,1
126439,36.02,6,92,1.67,0
11590,66.08,6,2,9.54,1
141958,21.23,2,22,49.19,0
143938,38.05,2,71,8.45,0
66624,31.65,6,4,24.94,1
163864,13.12,10,38,2.12,0
140836,29.56,5,84,11.75,0
120356,28.68,7,70,14.0,0
42727,28.08,7,73,28.35,0
78471,34.18,5,52,6.82,0
8068,35.72,8,31,6.14,0
116923,21.49,10,26,7.22,0
138367,118.24,6,36,16.22,0
172232,10.28,5,26,41.75,0
11390,16.1,4,28,35.55,0
106752,533.77,7,5,1.19,1
151203,11.73,4,74,42.23,0
94754,8.55,5,18,2.0,0
75969,69.03,5,15,10.73,0
146110,4.15,1,57,29.0,0
77064,26.17,1,97,1.7,0
21281,283.11,3,5,0.82,1
54189,7.06,3,37,8.01,0
48511,4.56,2,86,26.18,0
122115,7.4,2,86,14.75,0
8605,81.32,6,22,10.79,0
100318,101.98,1,52,33.54,0
132453,19.83,6,15,29.11,0
19810,65.58,5,17,30.84,0
155394,132.99,6,51,12.31,0
41869,197.82,5,45,0.39,0
32955,25.89,7,63,3.78,0
61388,3.32,1,28,27.04,0
10207,14.57,3,59,27.98,0
159292,21.61,6,86,71.73,0
22031,25.56,1,21,4.22,0
80807,27.44,7,42,2.62,0
71312,101.38,4,81,2.99,0
59766,118.44,3,69,4.09,0
143521,27.89,10,82,15.04,0
89833,99.33,9,17,73.95,0
111041,47.35,1,68,17.8,0
116185,35.32,8,7,14.79,1
10350,81.99,1,89,22.38,0
100859,35.6,5,40,1.54,0
68487,259.25,10,40,33.79,1
148694,7.86,8,43,20.82,0
123853,19.78,6,73,3.76,0
53117,29.18,7,83,19.92,0
101084,51.39,8,51,18.14,0
23782,117.68,6,73,1.34,0
28454,32.32,6,23,6.21,0
67904,7.99,6,95,9.92,0
129936,76.9,5,32,5.62,0
146664,70.45,8,31,5.57,0
153245,4.75,2,17,17.02,0
164276,32.99,7,58,12.73,0
166668,6.75,4,86,22.01,0
165396,17.04,1,35,62.66,0
122258,13.43,5,30,21.61,0
111668,74.39,3,64,17.45,0
124184,37.22,4,53,37.62,0
161822,9.16,7,51,20.0,0
16566,79.84,5,37,3.62,0
138262,7.89,4,90,7.56,0
38333,46.07,1,6,26.44,1
121929,14.67,6,34,26.82,0
89571,22.97,10,56,86.87,0
120263,54.83,6,96,19.72,0
132661,55.78,7,25,45.96,0
25235,126.09,1,13,1.12,1
159,30.5,4,63,16.7,0
143217,44.99,9,66,50.48,0
162993,21.38,10,5,6.77,1
104859,39.73,6,75,3.37,0
147309,51.39,2,11,8.63,1
107507,30.01,4,88,31.43,0
139316,5.45,6,78,1.77,0
14743,46.13,4,94,18.34,0
46101,47.68,10,44,2.92,0
121534,16.77,7,99,11.44,0
84227,9.17,3,85,67.61,0
71126,144.88,6,69,4.34,0
56071,54.13,4,2,0.69,1
74763,26.34,3,40,11.14,0
143309,10.62,3,37,17.24,0
146721,14.56,2,49,7.06,0
168785,121.83,3,98,15.61,0
46154,38.0,10,75,61.32,0
7016,19.09,1,36,7.47,0
89678,55.13,3,75,7.4,0
112056,14.67,9,73,13.19,0
54238,148.54,4,70,14.49,0
58608,128.1,3,34,0.03,0
89081,20.77,8,58,19.14,0
162969,17.66,1,37,118.72,0
50961,2.42,5,96,6.91,0
26917,7.53,1,60,19.93,0
153808,8.68,7,12,0.09,1
27990,37.91,5,32,18.54,0
62551,23.9,2,81,11.85,0
153512,8.62,1,4,15.11,1
166277,25.0,7,33,15.7,0
80811,54.89,1,43,3.89,0
55103,56.14,3,9,29.39,1
172699,4.95,6,98,16.21,0
106122,29.13,6,51,6.3,0
19008,8.3,7,94,55.41,0
32402,81.59,1,20,0.26,0
136865,72.54,7,39,25.89,0
136643,13.49,2,23,9.6,0
147281,15.39,6,41,14.79,0
113550,20.88,8,44,6.89,0
91218,3.48,5,35,7.75,0
133296,46.34,10,23,0.31,0
120779,25.21,3,58,26.18,0
129714,87.37,8,48,24.81,0
32441,11.04,8,87,21.25,0
170201,17.83,4,58,42.07,0
62368,7.34,8,57,46.31,0
92122,12.13,5,87,16.26,0
44760,10.16,5,39,23.09,0
23478,89.66,3,28,0.22,0
127881,16.47,7,64,37.46,0
71854,37.49,9,62,33.9,0
94230,22.63,9,83,0.41,0
85716,9.3,1,62,15.65,0
143252,27.99,1,94,47.43,0
98538,60.29,10,85,4.0,0
15372,9.9,5,88,8.7,0
29796,74.37,1,85,8.04,0
98826,14.16,4,26,8.8,0
120592,20.43,1,51,0.86,0
93635,56.3,2,50,6.54,0
111022,17.06,2,36,6.99,0
54040,34.38,4,26,40.18,0
75357,24.17,8,33,8.68,0
78356,37.69,2,100,11.86,0
16211,3.06,9,68,9.58,0
105426,5.31,9,73,2.57,0
5842,61.31,2,8,92.83,1
66852,93.43,1,66,34.95,0
125737,13.32,10,93,15.57,0
45968,25.94,10,23,12.94,0
17508,44.47,9,70,20.95,0
153077,66.24,2,55,7.9,0
54575,4.36,8,43,1.03,0
150043,13.65,3,100,10.36,0
156671,23.75,1,21,82.68,0
66914,66.9,1,22,4.03,0
67055,402.8,10,9,15.0,1
87697,26.36,2,34,0.17,0
106239,8.11,7,59,2.6,0
123106,49.51,6,26,17.7,0
5355,124.09,2,1,7.06,1
54120,36.89,4,100,47.22,0
38342,13.37,2,5,10.42,1
2257,86.31,1,41,4.66,0
27364,64.3,3,63,15.78,0
156044,11.87,4,22,31.69,0
111715,48.49,10,68,0.39,0
26654,89.77,5,48,14.08,0
81423,107.97,5,66,29.69,0
29320,30.99,7,16,2.19,0
20808,23.15,10,80,46.62,0
52389,112.99,8,53,6.14,0
118581,9.87,9,86,3.74,0
127927,51.35,7,65,17.8,0
34773,8.41,5,79,3.85,0
158819,96.1,9,64,22.77,0
76396,25.58,8,88,13.47,0
107692,117.75,10,68,2.33,0
57505,54.13,9,63,48.72,0
85896,9.75,10,62,22.37,0
18135,137.64,8,82,15.79,0
90887,156.22,6,81,9.38,0
122118,80.02,4,71,2.9,0
47377,15.46,9,45,24.59,0
154626,24.39,9,52,33.6,0
62491,38.3,10,74,2.69,0
58283,16.38,10,65,13.65,0
16923,179.89,9,2,13.27,1
47591,38.26,10,49,8.61,0
62261,2.22,3,22,31.15,0
54336,46.5,3,96,2.1,0
74083,23.38,6,29,4.59,0
60948,30.72,6,35,0.03,0
164074,22.91,6,81,9.34,0
26672,74.22,5,76,6.88,0
4213,101.46,5,24,40.35,0
141365,43.95,2,94,27.39,0
62507,23.59,7,30,1.77,0
57134,31.77,4,84,27.02,0
133172,33.77,3,42,22.5,0
28172,14.84,8,71,6.62,0
20132,59.08,4,50,0.31,0
18199,52.46,4,71,2.45,0
36609,154.54,8,60,5.75,0
139088,116.2,1,30,33.92,0
170851,16.68,9,12,12.52,1
31881,75.21,7,49,50.12,0
24472,12.79,2,95,31.13,0
167093,66.42,6,82,6.77,0
54131,19.75,8,46,37.33,0
155159,11.9,5,43,2.48,0
12828,43.82,6,2,0.74,1
96664,2.28,10,97,18.76,0
132473,5.75,8,75,8.36,0
15193,27.73,6,98,7.99,0
151379,35.96,9,80,23.24,0
102518,22.89,9,54,37.96,0
19611,6.82,9,35,7.78,0
143022,14.62,6,52,7.86,0
76240,48.97,9,33,15.27,0
2745,59.25,3,85,21.18,0
55243,32.58,5,84,4.54,0
3866,105.3,2,72,48.76,0
163317,49.27,8,51,21.25,0
128681,15.68,4,26,19.63,0
71354,25.02,6,97,46.91,0
51374,8.14,6,62,47.56,0
114397,29.72,5,61,2.91,0
124577,100.7,1,26,3.13,0
161188,65.71,7,37,28.71,0
81029,134.56,10,30,62.88,0
93574,24.46,8,95,21.96,0
151519,127.24,1,97,10.6,0
30431,27.29,10,11,23.01,1
148980,144.26,7,53,5.2,0
29336,32.4,4,41,123.96,0
40992,67.17,6,5,11.28,1
55350,144.77,9,66,53.67,0
69561,27.29,5,13,11.27,1
51955,41.2,8,63,52.66,0
61240,120.16,5,82,8.18,0
151165,28.99,2,90,28.59,0
137227,8.84,4,25,60.32,0
46607,282.31,2,44,20.77,0
164559,20.7,7,14,22.64,1
152035,38.81,7,69,2.17,0
52870,105.22,3,59,12.86,0
64110,18.02,7,56,43.56,0
152008,12.09,1,52,5.51,0
116895,42.68,1,66,31.06,0
4426,5.51,9,68,22.52,0
27606,24.83,6,12,5.05,1
28151,42.31,5,75,6.65,0
11308,25.28,6,68,11.16,0
90306,7.07,6,43,2.67,0
106984,163.07,1,73,48.92,0
2204,36.73,5,74,26.89,0
92769,138.54,9,91,9.08,0
87265,25.53,4,6,7.12,1
31131,13.74,3,15,23.4,0
52428,43.34,1,42,11.04,0
33870,26.69,2,31,5.21,0
103547,10.2,3,86,11.25,0
49067,144.0,4,53,41.0,0
112217,17.77,7,6,1.42,1
152679,5.26,6,33,9.19,0
156040,124.98,8,29,65.58,0
98934,20.0,9,21,0.3,0
142980,18.03,6,54,44.26,0
157495,5.67,7,56,9.39,0
74707,188.85,4,94,4.2,0
61215,9.12,2,21,0.3,0
49429,35.11,9,100,1.46,0
82152,82.49,9,55,3.77,0
108048,50.49,4,58,0.51,0
169530,31.2,3,64,8.18,0
138731,6.04,10,86,0.92,0
77240,14.74,6,46,23.57,0
163865,39.96,3,84,34.17,0
113688,15.07,1,22,43.69,0
46473,40.58,4,60,15.93,0
96762,65.48,1,11,58.57,1
106956,86.7,2,47,0.11,0
118452,9.72,3,31,2.88,0
126311,297.87,8,77,6.94,1
7006,71.34,10,18,31.12,0
74218,33.06,4,22,43.32,0
164912,98.45,4,56,19.25,0
32430,352.63,10,17,9.67,1
23091,7.86,9,38,21.92,0
164055,26.44,7,25,3.99,0
23989,3.07,2,32,12.25,0
75451,40.15,3,15,14.17,0
18990,47.72,4,13,2.22,1
90270,31.84,4,58,0.69,0
80360,17.21,10,90,27.73,0
36081,4.27,8,50,15.3,0
142105,48.11,10,11,8.08,1
108272,141.94,10,13,11.5,1
16241,18.34,6,97,63.26,0
124932,51.42,3,50,9.72,0
5939,6.9,9,38,2.18,0
113000,52.31,10,1,12.46,1
35063,22.35,8,39,20.89,0
158117,15.45,9,27,0.24,0
47118,15.48,5,36,8.08,0
84703,22.34,3,32,10.0,0
152697,48.54,4,41,12.46,0
128557,8.92,5,15,7.18,0
27076,22.26,9,31,21.99,0
44605,31.77,9,6,57.9,1
84565,11.03,3,89,49.07,0
39121,199.67,7,52,21.84,0
31433,14.1,6,82,14.14,0
43309,16.96,4,22,34.95,0
67468,12.45,5,31,36.15,0
67293,200.03,10,100,35.39,1
96258,57.56,2,73,3.44,0
168925,12.98,7,46,0.52,0
38405,100.11,4,67,81.72,0
43527,40.48,2,97,64.21,0
77227,42.83,6,91,16.62,0
131564,23.47,2,43,99.42,0
139883,15.65,10,1,29.44,1
93344,46.42,2,44,14.57,0
155344,19.2,7,57,9.86,0
47153,203.72,1,9,17.97,1
108042,9.31,7,5,14.51,1
54110,153.88,10,79,101.67,0
145051,29.63,5,9,13.48,1
28328,44.66,1,45,36.15,0
112911,76.18,6,92,33.6,0
12867,17.63,7,77,1.48,0
59234,78.59,1,24,1.82,0
25851,2.21,9,74,21.57,0
31279,16.12,7,42,6.0,0
73402,13.14,1,22,21.43,0
15449,9.45,3,60,3.12,0
76221,26.71,5,86,10.12,0
89080,48.7,4,37,2.16,0
5451,66.86,2,39,6.63,0
87178,42.13,1,84,1.85,0
172388,17.02,4,74,70.52,0
63761,47.9,7,74,10.05,0
38870,37.5,4,90,46.29,0
96566,84.44,9,89,70.93,0
123749,72.02,8,53,48.06,0
123765,34.14,8,28,12.14,0
124881,13.5,5,77,30.18,0
161945,17.24,1,15,3.34,0
128389,19.11,9,60,1.99,0
25372,24.16,2,60,41.9,0
3642,43.3,6,6,0.63,1
159073,67.71,10,52,71.75,0
34064,31.47,5,12,22.3,1
14122,33.65,10,19,10.88,0
155892,38.22,8,96,3.05,0
68431,19.77,3,75,25.69,0
55745,13.13,6,97,16.56,0
50081,5.72,6,2,24.84,1
139783,16.52,10,55,10.82,0
149865,53.15,3,15,1.37,0
139271,16.4,7,64,7.57,0
76253,26.11,4,100,7.57,0
36191,52.8,5,69,0.17,0
10211,55.74,9,15,0.19,0
111086,11.25,6,43,8.03,0
152614,89.75,10,74,26.01,0
162384,102.24,4,17,19.57,0
101971,10.7,8,98,5.46,0
93783,14.53,9,24,18.46,0
125681,108.97,10,74,20.85,0
87893,28.59,5,30,14.79,0
158763,3.6,2,67,14.74,0
77960,8.17,6,51,9.23,0
84388,25.81,8,60,2.63,0
22601,10.35,5,3,9.74,1
149092,21.9,1,5,8.47,1
139227,34.21,8,28,17.93,0
167849,142.92,9,78,38.8,0
19710,24.77,1,11,9.41,1
108714,96.79,8,72,24.74,0
155604,138.21,10,72,33.41,0
128727,138.98,2,76,4.76,0
149673,44.02,4,15,46.38,0
63227,4.65,2,83,1.46,0
136039,52.5,2,48,46.4,0
84289,94.48,10,46,3.57,0
151094,30.54,3,28,8.22,0
5722,189.54,8,7,18.59,1
158485,78.24,4,71,47.22,0
81050,58.46,7,94,5.91,0
83596,98.14,10,82,28.84,0
66732,46.22,3,88,24.79,0
143369,2.74,10,6,3.48,1
68323,20.1,3,58,13.06,0
23816,109.64,2,68,13.14,0
40695,14.77,6,55,7.27,0
150774,26.48,6,67,30.28,0
156314,11.65,1,49,52.06,0
55841,197.14,7,51,25.22,0
128498,177.95,4,59,72.2,0
107096,13.68,3,6,1.04,1
92764,38.37,8,90,0.76,0
85744,16.77,2,51,44.86,0
28482,61.25,9,38,45.62,0
9171,55.13,8,11,2.27,1
100755,74.57,8,52,8.85,0
108125,46.15,3,93,36.08,0
130722,623.54,4,20,2.75,0
106082,11.85,2,10,6.22,1
3696,5.99,2,26,22.85,0
126310,22.35,4,48,80.24,0
151130,6.9,6,91,31.9,0
151385,7.44,5,14,30.04,1
19149,12.17,1,100,8.39,0
130064,13.17,10,59,21.66,0
53521,12.75,1,12,2.4,1
45740,55.6,6,23,97.25,0
106611,19.96,3,85,13.1,0
136028,27.67,3,72,20.37,0
66641,80.98,7,39,41.78,0
63811,15.39,1,9,0.02,1
63232,25.42,1,88,74.58,0
15417,47.74,10,95,8.9,0
155801,4.75,3,25,8.3,0
112492,3.05,8,17,3.13,0
30099,46.81,1,42,39.06,0
161033,54.16,10,29,40.93,0
143674,260.92,4,60,0.4,0
118474,38.79,9,67,1.15,0
9256,75.17,4,85,50.1,0
34681,27.24,10,57,2.62,0
91328,44.58,8,72,19.4,0
43361,175.43,7,14,19.33,1
34540,3.96,3,39,40.76,0
157608,50.08,7,16,17.0,0
84700,280.22,7,18,11.38,0
78532,43.91,10,95,73.29,0
127626,172.53,3,75,5.2,0
133943,17.65,2,20,6.1,0
46002,32.07,9,46,1.77,0
49812,34.24,1,45,74.03,0
153698,3.61,7,4,24.51,1
108946,10.3,4,84,0.24,0
66668,11.06,2,95,24.37,0
99003,75.34,2,20,10.35,0
42998,79.21,8,11,68.56,1
104601,45.79,7,65,6.5,0
7812,75.5,7,18,24.78,0
61844,28.1,5,39,19.75,0
133251,110.16,10,44,0.24,0
74601,33.41,8,97,43.29,0
139347,35.09,2,100,3.01,0
47857,25.39,2,18,21.79,0
125555,65.66,5,47,29.88,0
20700,21.73,1,31,19.94,0
170536,87.92,6,99,2.04,0
93330,10.67,4,39,73.92,0
144941,11.04,6,38,5.41,0
152026,65.85,7,79,19.77,0
162627,30.31,3,47,31.91,0
63353,21.03,8,70,56.02,0
100772,80.65,7,8,18.53,1
91502,18.04,1,86,6.0,0
113943,27.11,6,65,36.24,0
109850,134.19,7,13,3.56,1
45095,154.34,4,55,0.45,0
145342,159.56,2,88,47.75,0
161980,24.97,10,85,17.13,0
15523,113.38,9,43,1.44,0
62433,12.82,7,4,17.34,1
19991,13.37,1,71,3.13,0
10775,3.16,8,60,0.64,0
84995,176.42,3,12,2.48,1
147745,13.96,4,59,29.84,0
122808,29.18,5,77,28.18,0
158128,13.33,1,54,18.54,0
137686,66.36,6,44,4.7,0
7415,22.75,10,16,26.86,0
148036,8.98,6,6,10.49,1
168798,51.5,2,14,14.3,1
37044,7.9,10,58,45.59,0
168616,14.33,6,31,12.24,0
49976,4.03,8,100,19.69,0
163324,7.97,6,41,65.27,0
3832,39.59,4,35,12.01,0
34148,4.64,4,10,16.45,1
112230,7.53,9,81,17.56,0
85076,33.04,6,30,5.51,0
38402,19.23,8,44,26.71,0
38578,242.75,8,55,25.94,1
90453,207.24,7,71,4.8,0
153390,13.9,3,18,0.27,0
75715,57.81,10,83,137.02,0
111435,70.06,1,79,17.43,0
151538,18.22,5,86,3.99,0
95742,7.42,10,39,6.67,0
45475,32.71,10,42,19.24,0
60142,27.86,2,54,2.96,0
157636,21.42,10,30,0.76,0
153484,51.54,2,20,32.04,0
93526,15.63,7,96,25.16,0
51001,10.46,3,42,7.41,0
57649,36.93,8,89,1.21,0
166589,48.71,9,87,13.32,0
144228,10.21,8,5,6.46,1
154136,83.77,6,50,10.14,0
25711,5.64,5,41,6.4,0
30106,18.58,3,94,3.85,0
65458,25.58,3,39,9.79,0
147661,17.53,7,57,66.99,0
130429,18.82,5,91,6.19,0
101754,215.09,6,57,8.19,0
138286,14.14,6,37,7.99,0
126479,380.4,9,7,13.09,1
158199,51.27,1,5,37.09,1
136213,36.31,8,79,10.29,0
28884,53.32,10,51,32.81,0
2708,415.68,5,8,2.44,1
18375,12.26,6,56,45.06,0
15088,10.8,6,73,4.1,0
57615,15.57,1,11,0.8,1
110138,34.2,3,22,3.45,0
10014,5.9,6,98,4.23,0
134345,33.86,9,99,14.21,0
102842,180.11,6,77,11.95,0
161953,38.53,6,11,25.17,1
78077,24.71,1,60,1.05,0
139784,17.85,9,96,13.77,0
52874,81.33,4,15,8.08,0
69087,14.5,2,38,19.92,0
12297,209.85,1,1,0.89,1
27128,228.92,3,46,0.71,0
68368,42.81,3,88,11.15,0
78958,32.74,5,43,33.36,0
32920,92.82,1,22,22.24,0
142228,98.97,7,3,0.34,1
142180,14.79,1,14,3.93,1
162917,19.56,4,2,5.14,1
133872,8.83,6,61,11.0,0
133682,49.85,1,32,17.67,0
77603,64.5,7,38,4.88,0
33872,8.59,10,97,9.64,0
10728,21.01,7,46,17.54,0
95102,8.61,3,42,9.67,0
122049,13.48,4,6,3.09,1
20583,57.46,6,41,13.53,0
85774,15.9,7,25,7.83,0
138335,24.51,4,98,39.93,0
126374,6.51,10,11,29.89,1
150528,39.92,9,41,4.22,0
91118,31.68,9,71,3.31,0
65942,15.98,9,57,8.54,0
13689,27.41,10,46,10.63,0
164006,39.66,6,86,53.77,0
33276,14.66,2,48,7.18,0
101968,7.57,2,63,40.44,0
150945,201.46,4,39,14.08,0
13050,17.58,9,10,43.37,1
66216,30.06,3,85,24.21,0
84040,91.0,6,70,24.65,0
21644,1128.96,2,65,14.63,0
62021,9.54,1,98,36.69,0
168197,51.93,5,59,5.87,0
42291,16.32,8,78,47.58,0
166132,19.32,10,36,20.25,0
132610,16.12,10,27,11.55,0
167248,10.74,2,73,80.56,0
41520,31.78,10,55,39.61,0
25675,7.58,9,70,29.57,0
149359,85.35,8,95,6.4,0
174,34.99,3,81,72.79,0
92268,50.52,1,53,27.17,0
34998,20.78,4,60,18.59,0
143184,22.94,8,61,50.97,0
105410,44.15,3,36,3.54,0
75225,10.34,10,85,2.99,0
44814,23.15,2,27,16.59,0
85091,14.02,7,41,1.17,0
50719,13.59,4,28,21.81,0
129887,4.02,6,16,5.51,0
33919,126.38,5,35,2.53,0
73155,16.67,2,36,10.54,0
71569,105.99,10,56,12.55,0
41328,96.43,2,99,3.74,0
24618,9.15,9,19,0.85,0
34675,11.15,10,57,10.69,0
18919,428.59,2,85,28.5,0
4173,190.74,8,33,41.46,0
109369,32.09,8,23,2.05,0
26400,42.84,1,63,14.88,0
70305,17.62,1,70,6.11,0
168636,51.03,4,96,9.39,0
88791,16.16,2,22,54.19,0
159034,4.34,1,67,8.68,0
70533,8.83,9,99,9.09,0
103591,33.82,3,80,4.7,0
141650,10.69,1,59,64.39,0
131060,30.96,2,25,12.19,0
149696,11.31,8,17,16.9,0
39194,15.14,5,39,12.07,0
109903,77.72,7,77,5.83,0
131461,42.41,6,92,33.26,0
99303,32.8,1,75,0.58,0
113903,79.76,6,74,23.44,0
67391,53.55,7,39,18.04,0
144866,140.69,4,24,3.12,0
58002,20.91,8,38,3.63,0
35531,21.55,8,88,21.53,0
4986,9.02,7,97,7.48,0
32298,21.56,2,81,6.18,0
1481,86.9,6,57,1.22,0
56408,121.51,6,44,29.09,0
121950,86.51,7,36,42.86,0
147907,5.51,6,99,34.28,0
125355,97.82,2,70,12.55,0
27798,5.27,8,80,15.27,0
91649,81.3,4,45,5.55,0
64887,22.92,9,92,3.8,0
19477,66.86,8,96,34.63,0
148338,8.74,3,26,32.02,0
127815,106.82,3,11,30.04,1
127426,7.65,8,52,12.45,0
142961,16.97,2,25,39.98,0
24335,12.21,9,31,52.14,0
142326,5.73,4,85,7.96,0
86610,36.4,6,45,5.09,0
11442,201.56,3,67,12.48,0
46289,476.71,3,76,3.95,0
53747,36.49,3,40,43.08,0
37327,101.16,10,46,8.25,0
147271,41.77,2,54,17.17,0
72827,54.54,8,41,18.06,0
106464,23.52,9,89,14.47,0
131184,40.25,8,81,3.4,0
87051,56.68,10,38,94.21,0
150653,18.57,3,100,3.79,0
59722,30.65,7,36,27.85,0
92036,31.24,10,83,31.34,0
147595,75.67,2,44,3.14,0
66960,11.4,4,57,54.11,0
19552,31.45,6,66,13.38,0
141880,224.08,5,81,19.82,0
154692,106.07,9,30,20.55,0
887,127.64,10,10,14.06,1
31802,33.93,4,99,3.06,0
85024,45.65,5,61,27.87,0
118639,90.22,4,63,17.44,0
118248,157.63,8,36,2.53,0
81938,4.7,8,54,24.1,0
122746,8.89,3,97,24.26,0
26049,122.66,1,65,15.9,0
77789,25.11,6,82,1.9,0
84526,16.92,2,4,8.7,1
138918,9.45,2,55,1.05,0
46220,19.01,3,54,12.99,0
46163,8.15,8,91,47.38,0
134837,268.03,3,89,0.05,0
117126,32.38,7,64,6.2,0
81486,31.25,10,92,32.17,0
75277,59.63,10,22,0.2,0
104245,86.69,9,25,0.2,0
122332,85.28,8,81,18.87,0
22931,96.89,1,59,31.14,0
89116,17.62,7,57,29.97,0
55633,24.58,7,54,30.24,0
51913,71.45,8,44,8.96,0
94776,19.54,10,52,42.86,0
25991,32.95,5,76,0.26,0
104092,49.34,10,16,7.48,0
141633,72.62,9,16,8.23,0
147973,5.6,9,81,3.62,0
95556,67.68,8,55,8.2,0
62875,26.21,6,61,17.63,0
156989,67.19,6,95,14.69,0
62120,72.02,1,79,7.7,0
133060,165.33,6,77,27.67,0
110041,128.18,4,40,25.09,0
128467,127.3,4,91,6.59,0
145328,140.28,2,21,7.81,0
118490,44.32,4,66,6.78,0
126155,34.2,5,8,2.76,1
28230,79.27,5,71,27.95,0
59778,68.86,5,10,0.95,1
45833,24.31,4,57,3.26,0
22625,49.64,1,4,2.23,1
32088,31.97,10,43,34.9,0
172239,14.1,8,100,0.9,0
103937,120.36,3,99,21.85,0
76361,34.99,2,63,0.91,0
88229,256.91,9,43,30.88,1
135189,6.52,7,67,48.77,0
90265,18.98,9,82,13.34,0
97718,34.21,2,51,32.65,0
60710,103.27,9,56,24.51,0
94876,49.38,10,43,31.76,0
30949,45.17,9,24,29.12,0
153619,10.73,9,96,4.6,0
68136,10.41,10,34,13.85,0
111541,45.72,10,59,64.59,0
61842,8.46,4,2,8.42,1
26990,19.46,10,2,70.46,1
147265,54.65,3,10,17.5,1
30109,12.4,6,23,12.38,0
130356,164.9,3,15,21.44,0
150305,112.61,9,76,33.84,0
128133,6.88,3,17,10.02,0
165582,13.03,2,82,0.67,0
1306,3.37,8,14,24.68,1
3849,15.14,6,81,62.55,0
12360,71.26,8,79,19.62,0
111072,21.89,7,76,4.18,0
94767,52.5,3,16,5.71,0
168035,7.23,8,32,48.1,0
54330,73.55,10,23,0.27,0
51707,19.01,1,34,15.91,0
18689,33.52,1,98,3.46,0
29084,30.18,10,16,6.65,0
40387,9.29,8,34,7.33,0
74816,10.45,9,71,4.95,0
2642,87.16,10,33,31.44,0
42137,49.35,6,68,8.08,0
62260,94.64,5,43,8.48,0
146510,45.82,2,64,12.07,0
48442,38.21,9,71,46.52,0
103061,5.89,6,18,23.31,0
134066,25.27,8,68,1.27,0
125844,32.22,9,61,0.8,0
99575,233.48,9,75,16.71,1
1813,65.82,8,20,43.62,0
93027,153.86,10,11,7.81,1
123489,60.19,8,79,5.69,0
84381,16.26,3,46,27.58,0
55276,37.23,3,64,18.43,0
41243,41.94,2,81,16.65,0
60272,12.95,1,98,3.23,0
65618,22.55,4,76,3.87,0
1920,26.96,2,28,6.62,0
106121,164.95,2,48,4.63,0
76872,4.13,5,35,71.12,0
81132,110.59,4,8,0.38,1
2093,12.98,1,91,19.67,0
12905,8.4,9,22,14.58,0
121759,107.76,4,24,7.81,0
155423,68.85,5,66,43.71,0
30981,116.11,7,95,22.18,0
73903,73.75,2,86,128.19,0
70821,259.78,8,64,3.69,1
109200,57.9,2,65,1.84,0
82289,28.32,10,14,3.0,1
116506,46.66,5,25,6.27,0
78513,114.83,2,100,10.78,0
150946,15.19,2,100,39.7,0
138746,17.26,4,3,6.67,1
50516,24.31,4,5,49.36,1
69212,4.04,8,65,12.43,0
133498,38.02,6,54,20.83,0
130970,5.02,10,19,6.14,0
90009,34.92,8,97,3.39,0
161015,78.67,7,54,40.72,0
44816,20.56,10,94,2.32,0
4138,177.17,4,76,29.75,0
91176,7.69,2,10,17.4,1
75945,108.99,9,98,39.49,0
4017,65.05,2,16,25.3,0
10451,5.95,1,46,6.62,0
93863,498.1,8,29,17.09,1
10278,31.07,10,15,0.26,0
43764,13.77,9,48,12.9,0
123030,8.11,1,11,1.8,1
132206,26.58,7,34,11.21,0
62943,29.15,2,36,2.32,0
95667,36.7,6,30,62.24,0
54318,24.59,5,99,14.81,0
103423,62.38,1,73,48.89,0
103998,22.47,2,82,0.45,0
60128,4.78,2,19,20.3,0
21869,28.52,10,68,7.33,0
5039,3.1,10,70,11.31,0
152353,47.17,6,33,41.29,0
112935,12.44,1,96,78.26,0
10442,38.99,4,80,5.66,0
73788,123.23,10,75,59.23,0
119729,12.82,5,22,23.34,0
27586,95.7,2,36,60.49,0
53053,21.47,2,23,16.53,0
86346,191.18,7,63,64.76,0
67087,22.99,7,26,44.6,0
143697,14.29,6,60,2.75,0
34397,65.84,1,95,7.44,0
58671,21.42,3,93,5.57,0
116214,14.28,9,5,16.98,1
66897,20.54,10,54,32.47,0
157221,31.67,1,38,28.49,0
136355,126.75,2,62,25.95,0
138682,4.79,8,25,9.41,0
14924,33.89,7,98,3.01,0
113143,61.86,9,12,4.73,1
110253,40.18,10,22,27.07,0
100297,122.72,4,9,3.19,1
869,30.74,4,84,5.04,0
97088,27.53,7,29,11.05,0
1014,59.88,1,44,1.5,0
10103,36.57,10,93,4.78,0
110317,22.41,9,27,3.24,0
164530,55.49,2,55,60.45,0
82409,17.24,1,81,4.25,0
23248,17.97,7,5,39.58,1
160133,19.53,6,52,2.44,0
155242,128.13,3,13,40.75,1
8024,1.32,1,42,18.3,0
85947,49.19,5,15,37.9,0
150368,34.27,10,79,40.4,0
91829,6.17,4,18,18.15,0
92708,45.14,5,50,49.95,0
86664,53.29,1,2,17.61,1
149329,59.72,1,87,24.94,0
143927,2.34,5,13,10.76,1
85178,129.85,6,68,49.08,0
101121,15.84,5,47,34.76,0
20025,65.8,2,89,3.65,0
135530,69.48,9,75,17.18,0
63610,13.78,5,50,45.43,0
70843,64.1,5,12,31.51,1
107237,22.52,10,13,65.7,1
130299,4.17,9,9,5.26,1
169578,106.46,3,59,9.16,0
5668,15.26,5,45,14.15,0
73233,14.09,5,70,5.3,0
155489,22.13,2,43,10.02,0
81982,43.48,4,74,15.42,0
106133,31.27,2,23,4.25,0
10751,57.29,5,79,5.93,0
46218,8.68,10,45,2.67,0
126649,15.76,2,23,24.99,0
7352,29.49,10,34,8.97,0
88835,220.94,9,16,4.98,1
97493,29.55,10,63,14.16,0
28927,98.02,6,51,1.41,0
172166,34.42,8,32,51.38,0
101948,20.42,9,38,6.98,0
29493,25.87,8,56,43.51,0
31707,27.98,5,69,13.77,0
138368,60.56,5,17,37.96,0
156470,130.92,6,86,5.68,0
35842,47.45,1,39,3.85,0
13261,108.54,8,41,37.86,0
76709,12.62,2,48,4.79,0
95985,21.88,6,82,27.42,0
106616,16.05,9,28,8.45,0
67173,45.35,3,77,27.58,0
31781,23.13,2,50,47.64,0
13652,68.7,10,1,79.95,1
5103,13.05,5,50,8.92,0
25500,34.57,9,19,9.16,0
100336,65.82,6,98,79.68,0
166601,4.2,8,59,39.54,0
113499,276.34,8,68,0.92,1
149524,24.95,7,67,17.04,0
49393,4.37,5,41,4.0,0
162246,38.79,2,10,102.36,1
166508,34.24,10,28,2.99,0
47406,30.51,10,34,16.39,0
63059,89.23,5,39,21.88,0
147026,69.93,7,83,55.31,0
82722,44.61,7,56,37.58,0
12356,51.94,2,52,5.64,0
128128,29.83,7,100,17.0,0
2187,195.49,6,3,61.4,1
77243,7.54,7,23,26.61,0
35098,38.08,8,17,23.32,0
152297,35.34,4,71,28.12,0
134678,74.69,1,26,7.79,0
57620,14.24,8,18,26.13,0
163900,5.79,8,46,5.3,0
126270,38.74,3,70,11.18,0
157561,43.87,3,31,44.13,0
14387,146.88,5,93,0.38,0
69463,9.3,3,9,10.7,1
133663,105.08,5,35,6.21,0
91683,353.33,8,81,4.43,1
62061,22.7,1,60,36.47,0
81257,9.11,2,76,23.85,0
61753,22.04,2,63,2.39,0
84774,33.58,4,100,13.64,0
142159,58.19,9,52,12.58,0
161888,18.33,2,48,3.08,0
23408,156.84,9,61,32.17,0
124116,10.86,7,24,9.14,0
131208,5.82,10,74,28.7,0
17413,100.15,8,58,4.27,0
113650,3.41,1,64,7.57,0
59500,27.0,5,30,2.0,0
84514,748.21,9,29,3.1,1
56358,32.72,4,10,42.94,1
66197,10.8,2,39,2.31,0
163926,31.27,6,55,2.01,0
76240,31.48,2,28,56.39,0
16322,38.89,3,18,20.76,0
113053,64.22,8,41,2.13,0
6968,11.72,3,81,71.31,0
27518,179.03,2,75,3.18,0
51925,42.31,6,65,29.08,0
111900,68.5,3,81,0.71,0
93422,17.67,1,100,19.59,0
1700,119.87,3,100,15.82,0
93782,25.61,6,46,4.66,0
23199,43.71,3,60,20.61,0
163187,13.03,9,9,19.2,1
5520,12.22,7,45,32.02,0
109814,65.9,5,60,41.73,0
167527,21.25,2,28,14.27,0
123364,14.1,9,97,13.48,0
172677,17.41,5,3,19.44,1
14955,66.62,7,51,26.13,0
144989,17.65,9,8,8.81,1
64925,29.44,4,70,14.05,0
107216,33.62,9,59,17.59,0
70269,4.87,1,61,89.1,0
162026,7.61,6,58,17.72,0
41458,46.35,2,70,5.08,0
89037,15.85,8,93,17.73,0
152185,95.27,5,12,34.24,1
99977,87.08,3,9,38.95,1
43939,67.98,2,49,32.21,0
29345,204.34,8,83,43.82,1
110107,30.48,7,17,8.15,0
121866,63.36,9,54,14.17,0
69166,18.46,8,44,30.25,0
97406,384.66,4,32,6.14,0
49298,240.72,2,35,9.29,0
44942,33.51,2,78,35.58,0
3453,48.74,2,49,29.4,0
102811,128.93,6,54,70.95,0
54935,28.58,7,16,110.3,0
122439,17.17,6,85,5.51,0
8328,79.36,2,12,46.14,1
15534,35.82,4,88,1.99,0
85280,39.77,3,98,24.74,0
36320,14.38,4,8,4.97,1
49170,5.94,5,21,7.14,0
100546,41.94,7,48,58.49,0
80201,81.86,9,8,6.11,1
8640,26.42,2,28,22.37,0
161121,139.27,8,80,3.92,0
136690,16.38,3,10,1.96,1
132992,11.53,9,52,8.29,0
43937,30.96,10,15,19.57,0
143279,30.49,4,4,5.7,1
164044,71.52,3,90,7.14,0
141871,15.26,10,79,24.67,0
159988,130.07,6,100,2.17,0
70463,236.73,10,96,11.84,1
93500,31.84,9,62,56.85,0
37158,115.55,7,4,10.12,1
84607,11.51,4,41,11.39,0
119639,97.05,3,73,26.8,0
71696,94.38,10,99,30.19,0
61510,78.53,4,55,29.36,0
120076,32.6,3,28,123.0,0
58692,1.73,3,47,1.48,0
130841,17.43,9,9,80.63,1
15810,17.71,4,2,59.99,1
136198,12.45,9,67,38.23,0
161081,37.42,10,48,12.11,0
111718,21.78,5,69,40.94,0
90932,14.52,7,74,4.99,0
192,11.49,5,28,31.37,0
36413,16.19,1,79,4.1,0
143888,101.65,2,14,33.79,1
39082,17.1,5,46,19.07,0
65048,19.79,6,87,2.06,0
123130,20.97,7,13,45.14,1
50940,46.48,2,16,17.25,0
163202,52.26,10,94,21.36,0
40142,1.58,9,40,6.67,0
36468,91.99,6,72,41.06,0
161770,139.26,2,81,15.76,0
141727,11.59,2,30,10.93,0
161147,12.52,3,81,15.28,0
140431,21.11,1,99,24.3,0
129048,15.55,9,65,23.75,0
42056,41.43,10,58,8.85,0
51831,4.73,4,88,9.73,0
59191,10.83,5,48,16.52,0
121948,154.35,7,49,51.65,0
164344,13.09,1,89,27.36,0
108117,114.83,3,2,9.9,1
14671,47.24,3,89,8.22,0
27048,5.42,2,14,14.83,1
25963,62.51,8,97,40.8,0
43954,29.44,5,17,0.17,0
95430,21.0,1,31,24.79,0
717,42.31,2,10,6.98,1
11676,53.23,1,70,4.67,0
135506,67.19,6,89,0.24,0
118696,107.58,9,37,45.38,0
130830,49.81,7,64,48.66,0
4994,8.37,5,30,1.27,0
4234,20.62,3,34,14.76,0
69300,628.32,8,18,3.31,1
43949,68.34,10,88,28.43,0
37405,354.0,4,63,21.9,0
34872,133.68,9,49,7.05,0
42215,42.17,5,56,2.49,0
23185,44.76,6,91,35.58,0
41153,31.93,5,58,22.43,0
77535,5.83,10,27,0.14,0
133653,33.72,7,55,19.77,0
51717,111.13,7,85,33.25,0
2763,18.18,1,19,17.87,0
92910,50.0,2,23,11.06,0
55480,77.6,7,47,17.54,0
169831,13.33,8,79,19.34,0
118094,21.09,4,66,20.43,0
156379,11.97,6,99,68.25,0
11064,14.55,10,51,3.94,0
76848,9.14,3,84,19.52,0
37548,13.46,7,28,4.16,0
168017,136.93,3,57,4.71,0
6476,13.26,7,58,22.13,0
90101,37.58,8,15,49.53,0
2382,20.03,3,16,3.46,0
164474,107.65,2,97,65.65,0
158018,122.87,6,47,7.69,0
79698,78.58,4,63,9.93,0
153407,44.98,8,12,3.34,1
45095,26.28,2,43,19.13,0
129974,10.06,4,84,18.15,0
27197,231.26,2,29,11.68,0
127619,15.49,2,49,12.93,0
22010,64.31,2,3,19.51,1
155195,95.54,1,69,17.52,0
87923,19.01,4,60,9.38,0
133962,93.5,2,66,43.1,0
130526,71.11,9,87,22.03,0
109162,186.41,9,90,4.6,0
120927,20.71,7,26,7.71,0
8026,9.15,6,71,31.01,0
64925,19.98,3,74,2.21,0
68842,40.81,7,69,27.74,0
33665,35.1,1,47,8.89,0
9277,22.34,9,76,16.05,0
48008,4.91,4,96,6.59,0
14683,53.01,6,42,86.04,0
131742,238.02,6,31,47.26,0
148961,52.68,3,22,52.75,0
78542,60.89,4,17,4.09,0
54319,58.7,10,84,36.86,0
92067,49.26,3,20,15.33,0
152711,84.07,6,8,24.61,1
147705,49.17,1,98,4.91,0
165732,24.22,8,49,24.89,0
68975,14.94,8,87,49.13,0
163244,25.82,9,38,6.23,0
101158,45.34,6,53,5.31,0
11577,24.14,1,28,2.21,0
77299,45.35,3,77,6.21,0
20176,51.37,1,29,15.35,0
63972,76.19,5,72,35.76,0
120018,119.44,3,11,6.54,1
172075,35.8,2,47,19.41,0
19996,8.96,3,45,13.06,0
100922,23.45,9,18,6.81,0
86598,34.61,8,50,14.28,0
35931,5.28,3,89,3.68,0
124168,132.78,2,49,20.41,0
166782,38.18,5,22,2.46,0
123099,48.49,1,45,26.26,0
34693,129.74,4,61,3.91,0
166812,17.63,8,99,125.95,0
108944,58.79,1,93,34.71,0
17374,29.67,5,21,8.43,0
81471,27.55,4,71,11.11,0
45913,15.3,6,61,6.0,0
123683,175.14,7,76,29.14,0
44516,22.75,9,36,9.58,0
87796,66.65,1,24,28.15,0
26069,5.08,10,32,0.37,0
118333,107.77,4,91,2.91,0
84811,94.84,6,96,9.08,0
118028,36.5,10,59,2.31,0
39178,26.39,7,96,18.38,0
32821,49.4,7,96,1.04,0
16999,326.62,8,90,39.29,1
38712,5.68,10,75,28.65,0
171244,72.39,8,82,4.87,0
33722,13.31,8,5,13.22,1
10625,32.46,8,16,12.02,0
6859,25.85,8,11,25.81,1
172681,21.58,6,35,10.27,0
110986,32.77,9,75,0.67,0
21839,10.65,3,42,6.4,0
27216,92.68,6,87,12.55,0
52953,5.51,5,98,73.38,0
49522,56.81,8,81,42.6,0
135958,23.89,4,10,4.0,1
111249,10.27,4,82,25.69,0
7485,40.54,10,8,55.24,1
162527,6.98,10,26,0.18,0
147839,34.46,5,3,25.53,1
112701,7.98,6,59,12.3,0
159525,52.52,4,88,22.8,0
102638,13.14,2,3,18.61,1
12226,21.09,2,38,83.55,0
93405,44.43,3,2,6.82,1
22588,15.29,2,99,30.85,0
162781,31.25,1,17,5.35,0
37019,7.29,8,73,11.44,0
65133,62.23,5,36,74.08,0
114444,193.43,10,86,29.06,0
117603,540.35,1,95,7.59,0
158598,36.28,9,98,19.32,0
128585,72.84,8,88,1.02,0
43395,5.58,4,73,6.2,0
155103,148.82,8,2,25.34,1
125814,71.97,10,85,16.88,0
168773,20.41,7,34,12.69,0
112599,114.11,7,27,23.48,0
25939,25.68,1,37,10.17,0
151396,20.95,6,71,0.53,0
153939,53.27,4,22,11.63,0
203,11.43,10,68,46.48,0
147616,91.98,10,14,38.84,1
146971,11.52,10,98,10.52,0
29063,11.59,2,23,0.45,0
90880,13.33,10,44,20.23,0
3748,70.77,7,89,27.03,0
117269,17.87,9,65,6.97,0
80764,8.6,5,79,12.95,0
151956,18.07,8,96,96.21,0
156255,32.07,5,78,17.18,0
108036,10.17,7,61,8.65,0
150331,10.47,7,85,19.75,0
167031,273.5,9,55,3.97,1
116525,14.01,3,71,4.44,0
164529,23.97,1,100,51.79,0
85679,22.94,2,85,5.47,0
125829,21.73,6,50,7.44,0
128216,61.64,10,12,15.7,1
133175,85.47,10,79,45.99,0
65901,24.39,9,15,30.41,0
147175,9.62,3,17,0.9,0
98046,118.44,10,34,23.62,0
90012,30.1,2,35,14.03,0
78278,186.85,1,39,12.91,0
12391,3.51,2,78,23.52,0
102476,40.26,3,55,4.37,0
159973,225.56,7,59,79.79,0
120721,23.26,2,5,20.73,1
97537,26.43,5,30,9.1,0
81159,44.5,2,4,18.34,1
131040,18.94,7,15,4.88,0
169509,24.24,10,35,20.09,0
35503,23.62,8,74,0.57,0
75403,17.68,8,55,8.35,0
172330,113.17,8,66,27.53,0
164796,52.51,10,60,33.0,0
64286,42.55,9,24,5.83,0
74842,74.33,1,92,15.5,0
104927,25.42,1,22,15.04,0
14908,15.27,10,44,10.94,0
37228,18.13,2,32,5.19,0
23386,33.17,6,95,24.3,0
28302,11.48,1,83,5.82,0
60815,20.08,5,51,48.39,0
63344,19.76,5,85,15.04,0
166690,277.15,4,3,40.88,1
111603,2.07,5,70,6.87,0
61114,27.67,1,32,32.91,0
25525,185.99,6,2,2.41,1
79818,37.41,7,88,29.12,0
114589,70.35,8,59,9.79,0
145406,36.59,2,91,12.7,0
94715,16.99,7,73,3.65,0
6644,3.52,6,77,0.38,0
101154,40.67,9,14,21.94,1
164005,15.25,8,51,17.72,0
43469,14.87,4,11,19.48,1
164759,20.11,9,78,5.89,0
106609,189.59,1,80,5.47,0
148447,366.81,6,10,35.47,1
65206,41.15,8,84,28.65,0
96462,20.81,4,80,8.21,0
167679,10.2,2,58,20.31,0
83178,52.91,2,34,35.22,0
155065,196.94,10,80,43.93,0
86724,25.86,1,78,0.12,0
96393,3.07,5,53,33.58,0
127314,64.72,6,28,8.63,0
76312,88.71,4,18,25.34,0
75324,6.78,4,26,9.29,0
71196,39.51,5,7,18.64,1
70014,52.0,5,45,20.81,0
139282,30.78,9,98,10.38,0
141994,15.02,8,45,14.38,0
167361,91.46,9,71,25.92,0
33340,22.12,3,97,12.94,0
39850,7.5,3,35,0.28,0
113711,4.27,1,52,0.26,0
11094,116.85,10,21,21.65,0
87959,61.35,6,28,37.58,0
164490,36.16,4,96,30.77,0
5741,21.32,8,44,7.43,0
111585,19.51,2,80,12.74,0
122564,11.29,2,56,5.34,0
68798,21.51,7,10,90.47,1
116026,3.97,5,23,6.04,0
110130,15.86,1,48,10.77,0
22164,24.27,7,52,22.86,0
166667,60.94,7,15,41.75,0
30257,31.82,10,55,1.06,0
145283,73.33,6,43,7.16,0
95989,127.63,4,50,16.83,0
136304,95.41,8,6,19.26,1
52691,53.01,2,33,1.45,0
79768,33.51,2,62,21.82,0
156685,12.42,2,55,15.02,0
14026,69.4,3,39,35.16,0
30908,177.64,6,12,5.03,1
19610,46.62,1,100,4.34,0
63185,225.26,2,31,31.53,0
72567,7.2,10,74,24.34,0
36182,10.44,2,53,31.37,0
116136,77.88,1,34,30.46,0
131642,43.13,3,41,2.2,0
19288,123.2,10,10,6.53,1
78824,32.61,7,52,6.02,0
160949,13.9,1,75,54.54,0
84425,26.75,7,57,13.37,0
917,7.15,5,78,2.35,0
75602,10.71,9,3,6.84,1
64575,87.57,2,57,41.1,0
72518,79.26,1,33,37.56,0
39104,47.61,9,7,46.12,1
149134,5.92,8,4,9.84,1
16999,23.14,10,39,20.51,0
141013,9.73,6,48,6.52,0
61169,107.4,5,74,3.99,0
154542,18.47,8,79,0.44,0
129744,11.18,8,16,5.06,0
110684,34.12,5,38,18.55,0
59821,17.46,7,4,46.91,1
135601,146.02,1,4,2.86,1
12192,15.88,4,100,50.02,0
74102,8.17,2,27,8.47,0
114894,3.85,10,86,11.13,0
86795,32.11,3,86,9.08,0
165159,18.88,1,17,10.51,0
66677,7.93,2,98,6.0,0
135699,108.77,1,96,23.99,0
134327,64.54,8,70,28.39,0
136285,32.19,4,54,34.64,0
102412,129.58,3,97,8.35,0
19404,64.23,1,8,28.93,1
116545,14.54,2,53,20.3,0
156452,11.71,3,100,63.36,0
150245,75.04,3,5,11.06,1
23989,49.22,6,69,97.36,0
108106,39.24,10,47,26.97,0
24519,14.2,8,74,29.95,0
22439,60.82,6,40,0.52,0
118570,15.56,2,7,13.76,1
14995,29.9,2,12,15.03,1
23559,140.74,7,94,0.83,0
89049,17.1,1,25,7.48,0
136093,6.87,1,28,62.31,0
98000,11.56,7,43,11.11,0
152191,89.51,9,77,4.13,0
39350,42.72,5,47,14.4,0
25517,29.11,1,49,0.69,0
153322,19.9,5,86,14.51,0
89132,53.8,1,54,18.04,0
59546,14.17,10,18,8.85,0
105686,44.96,9,27,28.76,0
88151,15.94,4,72,2.92,0
3327,13.5,9,6,42.1,1
120318,17.51,2,75,62.22,0
160840,22.75,7,93,0.02,0
115945,31.54,2,69,36.99,0
46830,41.91,4,71,14.11,0
52446,0.83,6,22,12.38,0
146232,14.77,2,59,5.45,0
165070,22.39,2,47,11.86,0
158302,149.17,2,68,60.09,0
140148,11.25,3,32,4.73,0
69341,38.97,5,83,3.95,0
31085,147.68,9,97,5.54,0
55571,8.91,6,1,16.05,1
145787,49.11,9,54,53.27,0
128308,14.85,10,46,17.06,0
5750,19.99,5,41,5.58,0
113931,14.83,6,41,11.61,0
78768,15.93,10,8,9.9,1
35903,503.67,8,32,0.95,1
163165,77.05,3,30,14.29,0
91036,99.66,2,46,2.69,0
87954,54.16,3,92,36.93,0
165386,6.64,9,52,15.92,0
83014,49.15,6,96,37.24,0
166251,96.83,10,89,62.49,0
117305,14.11,4,98,57.36,0
156410,86.95,10,61,2.12,0
32101,66.98,3,97,57.94,0
2775,211.04,2,13,31.77,1
111497,21.81,4,89,30.07,0
45619,11.05,9,40,1.89,0
150611,23.07,4,61,3.96,0
57124,139.15,5,44,73.91,0
65149,5.32,8,62,4.8,0
26616,4.19,2,44,3.7,0
168171,36.21,3,48,9.0,0
61799,21.27,6,74,48.92,0
90221,33.37,7,59,12.93,0
114879,85.23,4,57,50.66,0
25479,19.06,1,95,8.14,0
99165,5.09,7,11,5.14,1
55863,255.82,9,25,13.67,1
82569,12.22,1,61,19.12,0
146480,11.48,1,46,9.94,0
16351,99.86,1,54,8.49,0
135203,22.54,10,34,4.92,0
44825,31.08,7,84,6.43,0
11349,53.67,9,7,22.36,1
44254,97.86,3,97,9.24,0
38225,23.73,8,62,1.66,0
12453,151.4,9,57,2.97,0
149886,3.91,3,99,9.32,0
149335,70.79,3,93,51.67,0
77694,14.3,1,76,9.53,0
15735,130.62,2,5,1.25,1
146902,38.17,7,76,10.83,0
47893,16.9,3,93,22.1,0
127006,64.25,7,35,18.01,0
45066,80.9,5,84,6.54,0
134445,62.92,10,37,23.3,0
141407,11.83,8,60,19.92,0
154813,20.41,5,65,3.78,0
10692,32.98,3,16,3.54,0
45541,31.78,9,30,15.85,0
165129,70.09,7,73,21.54,0
66983,4.42,5,42,65.36,0
150655,46.26,7,61,10.96,0
153837,24.78,10,74,28.96,0
154978,14.32,9,77,2.48,0
120747,15.76,5,48,44.07,0
85103,26.72,7,62,20.05,0
169302,0.9,9,84,19.83,0
150592,16.42,1,93,3.07,0
25566,13.79,4,64,0.81,0
73193,56.42,1,57,24.18,0
161206,14.8,8,68,2.49,0
141417,26.71,3,46,2.72,0
121015,154.82,2,28,4.15,0
172257,89.51,4,77,2.06,0
130956,81.64,3,3,19.64,1
70744,20.09,5,37,10.96,0
33455,57.0,8,48,6.19,0
159090,26.21,10,19,11.62,0
54219,27.22,8,92,37.18,0
45991,49.88,7,83,52.37,0
73616,18.23,8,17,13.37,0
87438,147.38,5,82,16.73,0
116841,28.22,10,82,5.95,0
140558,61.46,10,87,14.41,0
169934,141.97,6,40,27.58,0
58870,92.91,8,50,13.55,0
86694,8.09,1,73,7.19,0
43856,51.67,6,29,17.45,0
101407,77.53,6,51,58.62,0
31379,80.79,5,42,43.78,0
64729,10.88,4,29,29.33,0
159450,17.17,1,66,6.47,0
54353,89.53,10,17,5.53,0
14031,15.46,8,31,36.47,0
65982,24.54,6,92,4.0,0
36683,160.11,3,52,18.61,0
114091,31.57,3,39,11.56,0
117797,16.01,6,60,12.62,0
148690,13.77,7,94,12.12,0
6587,46.19,8,99,46.04,0
62790,8.73,5,51,1.82,0
31480,25.86,10,84,30.55,0
151599,46.21,6,16,36.04,0
23569,121.41,1,98,57.25,0
11151,64.56,6,14,12.05,1
44739,16.21,9,90,13.87,0
32954,107.6,10,84,65.04,0
109373,24.54,4,42,12.27,0
166375,9.62,10,51,14.01,0
34700,27.88,1,24,8.08,0
123728,139.51,9,82,0.64,0
66788,39.07,4,43,11.35,0
71045,33.53,2,73,21.29,0
168914,170.24,1,19,23.42,0
144972,7.91,3,84,0.13,0
127992,9.16,7,61,32.29,0
80059,6.58,10,94,13.56,0
1881,48.07,2,63,14.71,0
164109,39.11,9,26,65.27,0
132702,154.89,2,95,6.69,0
20789,42.24,5,35,28.68,0
126083,22.11,8,67,17.1,0
88059,33.17,10,56,24.13,0
46151,37.25,8,40,10.82,0
109388,6.22,3,29,6.55,0
3262,497.87,2,6,15.8,1
66981,55.69,9,52,9.4,0
120951,40.85,3,1,5.04,1
123099,61.26,8,52,36.56,0
81972,67.32,2,24,12.92,0
75485,28.77,3,34,37.59,0
54722,17.62,1,7,12.85,1
89499,60.31,6,75,16.27,0
161004,48.7,7,11,107.12,1
6901,14.73,4,36,60.53,0
117473,136.87,1,20,6.34,0
8597,44.4,3,63,40.6,0
129631,68.7,9,80,9.9,0
63909,133.21,5,63,1.48,0
72391,33.85,6,69,17.15,0
139335,45.47,4,88,75.49,0
63293,74.44,1,30,73.24,0
156877,16.04,5,30,2.7,0
11874,34.95,5,97,29.5,0
86402,37.55,5,84,32.47,0
14079,12.73,6,22,9.2,0
72779,336.18,2,61,21.49,0
95408,8.11,1,21,13.39,0
140090,9.04,2,37,5.17,0
120606,123.25,10,27,28.65,0
120062,67.58,6,35,6.1,0
12100,11.87,5,38,8.32,0
57021,60.78,5,60,4.21,0
150872,143.72,6,70,25.41,0
128126,32.13,10,32,12.28,0
92446,445.33,7,80,11.72,0
29437,5.91,9,92,18.56,0
151014,66.28,7,80,3.42,0
20862,106.33,2,27,45.69,0
11669,80.75,6,3,12.51,1
121219,26.99,9,49,9.13,0
15916,24.77,7,85,2.71,0
10878,51.63,2,30,3.68,0
2985,74.87,3,22,50.6,0
41235,60.49,8,19,12.2,0
18931,93.7,9,31,25.62,0
92876,11.95,4,20,1.68,0
336,26.37,9,19,20.63,0
42933,12.94,2,2,50.9,1
45536,22.51,5,40,7.13,0
69504,91.4,2,39,17.31,0
99214,36.89,1,91,56.34,0
113936,448.93,5,72,25.41,0
16279,40.18,2,54,1.29,0
103751,35.15,7,27,9.52,0
104433,36.83,8,79,1.79,0
71386,17.5,2,12,39.51,1
86124,31.25,7,78,19.44,0
105750,102.29,4,71,62.65,0
77485,37.11,1,17,0.4,0
74055,14.98,3,90,11.0,0
91911,13.13,1,84,2.2,0
98618,21.11,5,10,8.63,1
113892,35.65,8,19,3.53,0
71128,109.24,1,82,7.97,0
149180,8.67,9,30,34.21,0
52495,24.05,3,30,3.5,0
82806,38.26,5,25,12.84,0
93185,5.29,9,88,50.91,0
170591,14.39,5,74,134.17,0
49649,16.78,9,66,5.77,0
165596,14.94,10,96,54.84,0
164957,40.12,8,35,6.06,0
95402,28.2,7,51,10.67,0
30676,19.01,1,71,42.06,0
64093,50.8,4,71,30.85,0
79414,185.5,9,27,38.97,0
93095,170.59,10,10,32.21,1
72307,4.84,8,97,5.36,0
95432,58.97,4,43,16.36,0
31923,27.72,1,55,9.73,0
117449,38.67,10,71,12.31,0
47574,22.24,4,6,3.34,1
121757,37.25,3,6,7.59,1
53664,38.53,6,77,38.99,0
67384,18.56,5,48,45.57,0
31027,13.51,5,77,18.84,0
166536,21.14,2,2,13.79,1
34485,41.86,3,83,24.95,0
150528,60.28,6,51,18.77,0
35554,77.74,2,61,82.3,0
46922,20.2,4,19,4.22,0
13409,43.98,2,2,11.92,1
36639,86.7,9,51,50.08,0
19692,106.23,3,26,49.24,0
89037,31.22,10,70,13.68,0
18074,26.55,10,20,2.9,0
146621,40.09,6,23,33.74,0
29963,10.49,1,54,17.6,0
52265,27.29,10,15,29.67,0
16061,69.73,3,6,12.42,1
159882,62.93,8,92,4.56,0
113502,25.27,5,35,0.49,0
22800,41.17,8,75,16.38,0
116192,14.52,2,8,3.51,1
107228,66.92,7,57,4.14,0
28054,30.64,9,50,11.46,0
13233,25.13,7,49,11.67,0
156140,23.06,3,88,6.41,0
65727,31.1,7,21,2.83,0
90610,21.16,8,36,57.99,0
70453,63.95,1,71,2.82,0
104135,22.3,3,69,8.64,0
156904,162.87,5,58,7.27,0
108464,143.34,6,63,40.25,0
13682,13.58,3,93,10.55,0
154455,35.51,4,16,2.65,0
58160,17.28,5,6,0.21,1
23666,23.89,3,78,25.6,0
58817,245.29,4,52,25.07,0
91198,24.35,5,2,10.82,1
165714,47.48,2,89,2.7,0
41830,56.9,10,95,9.29,0
10234,12.17,9,77,17.83,0
57616,14.08,10,18,24.34,0
9221,9.91,8,81,1.63,0
142482,13.65,6,92,16.25,0
1051,1.92,10,76,6.46,0
110529,57.09,3,35,19.21,0
76918,258.32,2,86,20.89,0
78116,38.39,7,39,48.29,0
122226,8.03,8,1,10.57,1
44757,17.41,10,37,15.43,0
121008,20.93,1,21,6.25,0
131379,11.97,6,1,6.75,1
56889,78.27,7,4,0.94,1
35944,74.46,9,96,6.74,0
99555,10.43,3,58,1.32,0
38134,68.38,2,1,66.44,1
158395,152.45,5,13,19.58,1
25954,221.97,10,46,3.8,1
89959,581.27,1,47,2.48,0
4992,13.44,6,81,9.24,0
1961,557.92,9,76,7.35,1
12497,23.24,10,7,6.55,1
163623,18.31,9,51,12.63,0
13255,45.93,7,3,48.81,1
135639,18.5,7,50,16.79,0
48847,49.36,8,26,14.73,0
20389,8.85,10,31,32.85,0
123802,26.08,2,100,0.08,0
61576,119.77,6,62,4.4,0
43919,31.28,5,26,13.71,0
3358,38.15,5,67,24.44,0
88535,53.26,3,55,13.27,0
105982,106.77,3,28,3.58,0
5698,6.33,6,44,53.18,0
66809,59.41,10,81,7.97,0
93079,25.33,10,38,31.04,0
55805,39.12,7,30,44.4,0
162421,95.58,1,66,8.51,0
75033,10.03,3,8,37.33,1
98239,12.03,1,14,24.81,1
130407,4.78,10,99,46.93,0
44041,19.12,3,62,5.79,0
31954,125.27,5,75,53.55,0
8002,29.35,9,63,1.35,0
69783,8.67,3,79,31.57,0
107524,20.38,10,66,11.44,0
124857,7.48,10,96,3.92,0
19738,10.75,9,40,1.65,0
10703,48.85,1,13,9.87,1
113776,10.24,6,17,9.86,0
143464,100.75,9,15,5.23,0
44724,30.84,5,33,4.85,0
32299,36.07,10,16,10.2,0
15641,25.07,2,13,10.56,1
79534,71.73,5,86,11.68,0
6305,72.47,1,23,40.61,0
18782,46.3,9,36,18.9,0
78257,58.25,10,43,0.41,0
77963,26.79,10,50,14.64,0
121987,56.95,9,74,28.75,0
151638,23.62,6,81,1.16,0
124591,33.19,9,94,10.98,0
67766,25.16,3,13,12.0,1
6511,20.96,4,30,61.59,0
114816,16.62,6,57,12.91,0
157249,52.86,4,30,27.72,0
4765,122.81,1,71,7.22,0
151426,106.82,7,10,30.22,1
23929,9.43,5,99,7.79,0
159892,120.21,8,66,11.24,0
111576,24.09,9,94,13.06,0
160595,60.38,5,83,52.17,0
71088,13.38,8,39,1.1,0
77525,38.17,1,37,4.38,0
13780,45.32,1,3,24.47,1
6589,7.5,7,89,17.23,0
165884,60.84,6,34,5.79,0
93664,127.22,5,86,6.83,0
104188,27.81,5,38,9.16,0
93326,129.05,9,14,11.97,1
40953,27.39,1,64,34.08,0
65785,77.45,8,39,0.28,0
19309,3.6,2,54,45.66,0
54195,371.96,7,2,10.66,1
25901,147.74,6,96,5.24,0
154648,24.91,10,43,14.2,0
162580,4.61,2,53,21.56,0
25464,44.17,3,3,0.92,1
16260,7.82,4,41,25.16,0
124997,51.67,7,8,28.61,1
35440,49.98,8,90,3.63,0
95082,12.92,2,96,3.68,0
105583,101.59,8,75,4.56,0
56683,74.11,9,63,31.85,0
124206,87.87,7,65,6.35,0
172502,33.41,1,79,31.79,0
133059,8.04,6,4,15.55,1
156177,88.05,8,68,29.15,0
78484,25.27,5,92,16.13,0
144098,8.25,2,10,8.18,1
68309,128.0,5,75,48.32,0
45927,270.27,8,50,25.13,1
42946,31.78,2,23,13.24,0
126503,286.9,1,61,20.29,0
141449,36.28,4,47,19.13,0
53592,22.64,4,3,8.87,1
138419,17.63,9,17,11.03,0
33776,170.22,3,22,7.66,0
134855,15.18,4,91,152.76,0
55798,69.08,3,16,17.35,0
135370,18.93,2,80,1.93,0
70204,20.9,4,3,14.64,1
86207,92.78,8,52,1.03,0
100356,22.65,1,33,6.81,0
60652,22.09,8,42,11.81,0
165556,102.8,8,2,15.28,1
129572,163.6,3,39,74.75,0
20922,63.1,10,46,80.6,0
165100,17.21,10,48,2.06,0
151388,19.87,6,27,15.45,0
76996,35.87,4,15,33.98,0
148040,45.65,1,7,5.43,1
30266,12.33,1,57,27.77,0
155072,68.24,5,42,42.18,0
145083,36.07,8,9,21.72,1
2866,5.96,1,6,7.94,1
112669,13.08,2,57,51.31,0
5898,20.0,7,76,43.0,0
18395,30.79,8,30,25.16,0
170091,219.05,3,55,9.04,0
4006,42.02,8,84,31.39,0
165465,14.29,1,84,7.6,0
10956,41.29,9,54,5.83,0
137150,23.29,2,27,14.47,0
160703,45.82,2,84,117.11,0
95676,59.18,4,59,32.63,0
121724,110.97,10,7,26.17,1
62901,32.32,3,40,12.03,0
107227,170.54,4,94,7.48,0
117192,82.11,6,72,38.75,0
172646,16.32,7,2,16.77,1
31417,301.83,5,14,33.56,1
88020,45.92,2,10,13.38,1
83639,14.37,3,50,28.05,0
94881,172.93,10,18,40.46,0
170526,264.48,3,18,9.93,0
132659,32.04,5,16,0.27,0
121688,20.01,5,52,5.89,0
115584,27.87,4,69,49.28,0
86567,67.68,8,52,23.27,0
75886,118.85,6,31,26.73,0
149888,58.59,6,84,7.87,0
